date,name,value
2021-01-01,Alexander-Volkanovski,2198.1381987691393
2021-01-01,Alexander-Volkanovski,2198.1381987691393
2021-01-01,Alexander-Volkanovski,2198.1381987691393
2021-01-01,Alexander-Volkanovski,2198.1381987691393
2021-01-01,Alexander-Volkanovski,2198.1381987691393
2021-01-01,Alexander-Volkanovski,2198.1381987691393
2021-01-01,Alexander-Volkanovski,2198.1381987691393
2021-01-01,Alexander-Volkanovski,2198.1381987691393
2021-01-01,Alexander-Volkanovski,2198.1381987691393
2021-01-01,Alexander-Volkanovski,2198.1381987691393
2021-01-01,Alexander-Volkanovski,2198.1381987691393
2021-01-01,Alexander-Volkanovski,2198.1381987691393
2021-01-01,Alexander-Volkanovski,2198.1381987691393
2021-01-01,Alexander-Volkanovski,2198.1381987691393
2021-01-01,Alexander-Volkanovski,2198.1381987691393
2021-01-01,Alexander-Volkanovski,2198.1381987691393
2021-01-01,Alexander-Volkanovski,2198.1381987691393
2021-01-01,Alexander-Volkanovski,2198.1381987691393
2021-01-01,Alexander-Volkanovski,2198.1381987691393
2021-01-01,Israel-Adesanya,2140.597900015672
2021-01-01,Israel-Adesanya,2140.597900015672
2021-01-01,Israel-Adesanya,2140.597900015672
2021-01-01,Israel-Adesanya,2140.597900015672
2021-01-01,Israel-Adesanya,2140.597900015672
2021-01-01,Israel-Adesanya,2140.597900015672
2021-01-01,Israel-Adesanya,2140.597900015672
2021-01-01,Israel-Adesanya,2140.597900015672
2021-01-01,Israel-Adesanya,2140.597900015672
2021-01-01,Israel-Adesanya,2140.597900015672
2021-01-01,Israel-Adesanya,2140.597900015672
2021-01-01,Israel-Adesanya,2140.597900015672
2021-01-01,Israel-Adesanya,2140.597900015672
2021-01-01,Israel-Adesanya,2140.597900015672
2021-01-01,Israel-Adesanya,2140.597900015672
2021-01-01,Israel-Adesanya,2140.597900015672
2021-01-01,Israel-Adesanya,2140.597900015672
2021-01-01,Israel-Adesanya,2140.597900015672
2021-01-01,Israel-Adesanya,2140.597900015672
2021-01-01,Ciryl-Gane,2120.525876191058
2021-01-01,Ciryl-Gane,2120.525876191058
2021-01-01,Ciryl-Gane,2120.525876191058
2021-01-01,Ciryl-Gane,2120.525876191058
2021-01-01,Ciryl-Gane,2120.525876191058
2021-01-01,Ciryl-Gane,2120.525876191058
2021-01-01,Ciryl-Gane,2120.525876191058
2021-01-01,Ciryl-Gane,2120.525876191058
2021-01-01,Ciryl-Gane,2120.525876191058
2021-01-01,Ciryl-Gane,2120.525876191058
2021-01-01,Ciryl-Gane,2120.525876191058
2021-01-01,Ciryl-Gane,2120.525876191058
2021-01-01,Ciryl-Gane,2120.525876191058
2021-01-01,Ciryl-Gane,2120.525876191058
2021-01-01,Ciryl-Gane,2120.525876191058
2021-01-01,Ciryl-Gane,2120.525876191058
2021-01-01,Ciryl-Gane,2120.525876191058
2021-01-01,Ciryl-Gane,2120.525876191058
2021-01-01,Ciryl-Gane,2120.525876191058
2021-01-01,Brian-Ortega,2084.2908634137684
2021-01-01,Brian-Ortega,2084.2908634137684
2021-01-01,Brian-Ortega,2084.2908634137684
2021-01-01,Brian-Ortega,2084.2908634137684
2021-01-01,Brian-Ortega,2084.2908634137684
2021-01-01,Brian-Ortega,2084.2908634137684
2021-01-01,Brian-Ortega,2084.2908634137684
2021-01-01,Brian-Ortega,2084.2908634137684
2021-01-01,Brian-Ortega,2084.2908634137684
2021-01-01,Brian-Ortega,2084.2908634137684
2021-01-01,Brian-Ortega,2084.2908634137684
2021-01-01,Brian-Ortega,2084.2908634137684
2021-01-01,Brian-Ortega,2084.2908634137684
2021-01-01,Brian-Ortega,2084.2908634137684
2021-01-01,Brian-Ortega,2084.2908634137684
2021-01-01,Brian-Ortega,2084.2908634137684
2021-01-01,Brian-Ortega,2084.2908634137684
2021-01-01,Brian-Ortega,2084.2908634137684
2021-01-01,Brian-Ortega,2084.2908634137684
2021-01-01,Ciryl-Gane,2083.704212655227
2021-01-01,Ciryl-Gane,2083.704212655227
2021-01-01,Ciryl-Gane,2083.704212655227
2021-01-01,Ciryl-Gane,2083.704212655227
2021-01-01,Ciryl-Gane,2083.704212655227
2021-01-01,Ciryl-Gane,2083.704212655227
2021-01-01,Ciryl-Gane,2083.704212655227
2021-01-01,Ciryl-Gane,2083.704212655227
2021-01-01,Ciryl-Gane,2083.704212655227
2021-01-01,Ciryl-Gane,2083.704212655227
2021-01-01,Ciryl-Gane,2083.704212655227
2021-01-01,Ciryl-Gane,2083.704212655227
2021-01-01,Ciryl-Gane,2083.704212655227
2021-01-01,Ciryl-Gane,2083.704212655227
2021-01-01,Ciryl-Gane,2083.704212655227
2021-01-01,Ciryl-Gane,2083.704212655227
2021-01-01,Ciryl-Gane,2083.704212655227
2021-01-01,Ciryl-Gane,2083.704212655227
2021-01-01,Ciryl-Gane,2083.704212655227
2021-01-01,Dustin-Poirier,2070.196940585663
2021-01-01,Dustin-Poirier,2070.196940585663
2021-01-01,Dustin-Poirier,2070.196940585663
2021-01-01,Dustin-Poirier,2070.196940585663
2021-01-01,Dustin-Poirier,2070.196940585663
2021-01-01,Dustin-Poirier,2070.196940585663
2021-01-01,Dustin-Poirier,2070.196940585663
2021-01-01,Dustin-Poirier,2070.196940585663
2021-01-01,Dustin-Poirier,2070.196940585663
2021-01-01,Dustin-Poirier,2070.196940585663
2021-01-01,Dustin-Poirier,2070.196940585663
2021-01-01,Dustin-Poirier,2070.196940585663
2021-01-01,Dustin-Poirier,2070.196940585663
2021-01-01,Dustin-Poirier,2070.196940585663
2021-01-01,Dustin-Poirier,2070.196940585663
2021-01-01,Dustin-Poirier,2070.196940585663
2021-01-01,Dustin-Poirier,2070.196940585663
2021-01-01,Dustin-Poirier,2070.196940585663
2021-01-01,Dustin-Poirier,2070.196940585663
2021-01-01,Islam-Makhachev,2064.9207115958266
2021-01-01,Islam-Makhachev,2064.9207115958266
2021-01-01,Islam-Makhachev,2064.9207115958266
2021-01-01,Islam-Makhachev,2064.9207115958266
2021-01-01,Islam-Makhachev,2064.9207115958266
2021-01-01,Islam-Makhachev,2064.9207115958266
2021-01-01,Islam-Makhachev,2064.9207115958266
2021-01-01,Islam-Makhachev,2064.9207115958266
2021-01-01,Islam-Makhachev,2064.9207115958266
2021-01-01,Islam-Makhachev,2064.9207115958266
2021-01-01,Islam-Makhachev,2064.9207115958266
2021-01-01,Islam-Makhachev,2064.9207115958266
2021-01-01,Islam-Makhachev,2064.9207115958266
2021-01-01,Islam-Makhachev,2064.9207115958266
2021-01-01,Islam-Makhachev,2064.9207115958266
2021-01-01,Islam-Makhachev,2064.9207115958266
2021-01-01,Islam-Makhachev,2064.9207115958266
2021-01-01,Islam-Makhachev,2064.9207115958266
2021-01-01,Islam-Makhachev,2064.9207115958266
2021-01-01,Petr-Yan,2055.6569660819955
2021-01-01,Petr-Yan,2055.6569660819955
2021-01-01,Petr-Yan,2055.6569660819955
2021-01-01,Petr-Yan,2055.6569660819955
2021-01-01,Petr-Yan,2055.6569660819955
2021-01-01,Petr-Yan,2055.6569660819955
2021-01-01,Petr-Yan,2055.6569660819955
2021-01-01,Petr-Yan,2055.6569660819955
2021-01-01,Petr-Yan,2055.6569660819955
2021-01-01,Petr-Yan,2055.6569660819955
2021-01-01,Petr-Yan,2055.6569660819955
2021-01-01,Petr-Yan,2055.6569660819955
2021-01-01,Petr-Yan,2055.6569660819955
2021-01-01,Petr-Yan,2055.6569660819955
2021-01-01,Petr-Yan,2055.6569660819955
2021-01-01,Petr-Yan,2055.6569660819955
2021-01-01,Petr-Yan,2055.6569660819955
2021-01-01,Petr-Yan,2055.6569660819955
2021-01-01,Petr-Yan,2055.6569660819955
2021-01-01,Conor-McGregor,2044.3075712370703
2021-01-01,Conor-McGregor,2044.3075712370703
2021-01-01,Conor-McGregor,2044.3075712370703
2021-01-01,Conor-McGregor,2044.3075712370703
2021-01-01,Conor-McGregor,2044.3075712370703
2021-01-01,Conor-McGregor,2044.3075712370703
2021-01-01,Conor-McGregor,2044.3075712370703
2021-01-01,Conor-McGregor,2044.3075712370703
2021-01-01,Conor-McGregor,2044.3075712370703
2021-01-01,Conor-McGregor,2044.3075712370703
2021-01-01,Conor-McGregor,2044.3075712370703
2021-01-01,Conor-McGregor,2044.3075712370703
2021-01-01,Conor-McGregor,2044.3075712370703
2021-01-01,Conor-McGregor,2044.3075712370703
2021-01-01,Conor-McGregor,2044.3075712370703
2021-01-01,Conor-McGregor,2044.3075712370703
2021-01-01,Conor-McGregor,2044.3075712370703
2021-01-01,Conor-McGregor,2044.3075712370703
2021-01-01,Conor-McGregor,2044.3075712370703
2021-01-01,Islam-Makhachev,2044.0902646032841
2021-01-01,Islam-Makhachev,2044.0902646032841
2021-01-01,Islam-Makhachev,2044.0902646032841
2021-01-01,Islam-Makhachev,2044.0902646032841
2021-01-01,Islam-Makhachev,2044.0902646032841
2021-01-01,Islam-Makhachev,2044.0902646032841
2021-01-01,Islam-Makhachev,2044.0902646032841
2021-01-01,Islam-Makhachev,2044.0902646032841
2021-01-01,Islam-Makhachev,2044.0902646032841
2021-01-01,Islam-Makhachev,2044.0902646032841
2021-01-01,Islam-Makhachev,2044.0902646032841
2021-01-01,Islam-Makhachev,2044.0902646032841
2021-01-01,Islam-Makhachev,2044.0902646032841
2021-01-01,Islam-Makhachev,2044.0902646032841
2021-01-01,Islam-Makhachev,2044.0902646032841
2021-01-01,Islam-Makhachev,2044.0902646032841
2021-01-01,Islam-Makhachev,2044.0902646032841
2021-01-01,Islam-Makhachev,2044.0902646032841
2021-01-01,Islam-Makhachev,2044.0902646032841
2021-01-01,TJ-Dillashaw,2036.939317596812
2021-01-01,TJ-Dillashaw,2036.939317596812
2021-01-01,TJ-Dillashaw,2036.939317596812
2021-01-01,TJ-Dillashaw,2036.939317596812
2021-01-01,TJ-Dillashaw,2036.939317596812
2021-01-01,TJ-Dillashaw,2036.939317596812
2021-01-01,TJ-Dillashaw,2036.939317596812
2021-01-01,TJ-Dillashaw,2036.939317596812
2021-01-01,TJ-Dillashaw,2036.939317596812
2021-01-01,TJ-Dillashaw,2036.939317596812
2021-01-01,TJ-Dillashaw,2036.939317596812
2021-01-01,TJ-Dillashaw,2036.939317596812
2021-01-01,TJ-Dillashaw,2036.939317596812
2021-01-01,TJ-Dillashaw,2036.939317596812
2021-01-01,TJ-Dillashaw,2036.939317596812
2021-01-01,TJ-Dillashaw,2036.939317596812
2021-01-01,TJ-Dillashaw,2036.939317596812
2021-01-01,TJ-Dillashaw,2036.939317596812
2021-01-01,TJ-Dillashaw,2036.939317596812
2021-01-01,Cory-Sandhagen,2026.745677362178
2021-01-01,Cory-Sandhagen,2026.745677362178
2021-01-01,Cory-Sandhagen,2026.745677362178
2021-01-01,Cory-Sandhagen,2026.745677362178
2021-01-01,Cory-Sandhagen,2026.745677362178
2021-01-01,Cory-Sandhagen,2026.745677362178
2021-01-01,Cory-Sandhagen,2026.745677362178
2021-01-01,Cory-Sandhagen,2026.745677362178
2021-01-01,Cory-Sandhagen,2026.745677362178
2021-01-01,Cory-Sandhagen,2026.745677362178
2021-01-01,Cory-Sandhagen,2026.745677362178
2021-01-01,Cory-Sandhagen,2026.745677362178
2021-01-01,Cory-Sandhagen,2026.745677362178
2021-01-01,Cory-Sandhagen,2026.745677362178
2021-01-01,Cory-Sandhagen,2026.745677362178
2021-01-01,Cory-Sandhagen,2026.745677362178
2021-01-01,Cory-Sandhagen,2026.745677362178
2021-01-01,Cory-Sandhagen,2026.745677362178
2021-01-01,Cory-Sandhagen,2026.745677362178
2021-01-01,Ilia-Topuria,2019.563860246729
2021-01-01,Ilia-Topuria,2019.563860246729
2021-01-01,Ilia-Topuria,2019.563860246729
2021-01-01,Ilia-Topuria,2019.563860246729
2021-01-01,Ilia-Topuria,2019.563860246729
2021-01-01,Ilia-Topuria,2019.563860246729
2021-01-01,Ilia-Topuria,2019.563860246729
2021-01-01,Ilia-Topuria,2019.563860246729
2021-01-01,Ilia-Topuria,2019.563860246729
2021-01-01,Ilia-Topuria,2019.563860246729
2021-01-01,Ilia-Topuria,2019.563860246729
2021-01-01,Ilia-Topuria,2019.563860246729
2021-01-01,Ilia-Topuria,2019.563860246729
2021-01-01,Ilia-Topuria,2019.563860246729
2021-01-01,Ilia-Topuria,2019.563860246729
2021-01-01,Ilia-Topuria,2019.563860246729
2021-01-01,Ilia-Topuria,2019.563860246729
2021-01-01,Ilia-Topuria,2019.563860246729
2021-01-01,Ilia-Topuria,2019.563860246729
2021-01-01,Leon-Edwards,2017.2180293319218
2021-01-01,Leon-Edwards,2017.2180293319218
2021-01-01,Leon-Edwards,2017.2180293319218
2021-01-01,Leon-Edwards,2017.2180293319218
2021-01-01,Leon-Edwards,2017.2180293319218
2021-01-01,Leon-Edwards,2017.2180293319218
2021-01-01,Leon-Edwards,2017.2180293319218
2021-01-01,Leon-Edwards,2017.2180293319218
2021-01-01,Leon-Edwards,2017.2180293319218
2021-01-01,Leon-Edwards,2017.2180293319218
2021-01-01,Leon-Edwards,2017.2180293319218
2021-01-01,Leon-Edwards,2017.2180293319218
2021-01-01,Leon-Edwards,2017.2180293319218
2021-01-01,Leon-Edwards,2017.2180293319218
2021-01-01,Leon-Edwards,2017.2180293319218
2021-01-01,Leon-Edwards,2017.2180293319218
2021-01-01,Leon-Edwards,2017.2180293319218
2021-01-01,Leon-Edwards,2017.2180293319218
2021-01-01,Leon-Edwards,2017.2180293319218
2021-01-01,Giga-Chikadze,2015.5460245871482
2021-01-01,Giga-Chikadze,2015.5460245871482
2021-01-01,Giga-Chikadze,2015.5460245871482
2021-01-01,Giga-Chikadze,2015.5460245871482
2021-01-01,Giga-Chikadze,2015.5460245871482
2021-01-01,Giga-Chikadze,2015.5460245871482
2021-01-01,Giga-Chikadze,2015.5460245871482
2021-01-01,Giga-Chikadze,2015.5460245871482
2021-01-01,Giga-Chikadze,2015.5460245871482
2021-01-01,Giga-Chikadze,2015.5460245871482
2021-01-01,Giga-Chikadze,2015.5460245871482
2021-01-01,Giga-Chikadze,2015.5460245871482
2021-01-01,Giga-Chikadze,2015.5460245871482
2021-01-01,Giga-Chikadze,2015.5460245871482
2021-01-01,Giga-Chikadze,2015.5460245871482
2021-01-01,Giga-Chikadze,2015.5460245871482
2021-01-01,Giga-Chikadze,2015.5460245871482
2021-01-01,Giga-Chikadze,2015.5460245871482
2021-01-01,Giga-Chikadze,2015.5460245871482
2021-01-01,Valentina-Shevchenko,2006.8991404280723
2021-01-01,Valentina-Shevchenko,2006.8991404280723
2021-01-01,Valentina-Shevchenko,2006.8991404280723
2021-01-01,Valentina-Shevchenko,2006.8991404280723
2021-01-01,Valentina-Shevchenko,2006.8991404280723
2021-01-01,Valentina-Shevchenko,2006.8991404280723
2021-01-01,Valentina-Shevchenko,2006.8991404280723
2021-01-01,Valentina-Shevchenko,2006.8991404280723
2021-01-01,Valentina-Shevchenko,2006.8991404280723
2021-01-01,Valentina-Shevchenko,2006.8991404280723
2021-01-01,Valentina-Shevchenko,2006.8991404280723
2021-01-01,Valentina-Shevchenko,2006.8991404280723
2021-01-01,Valentina-Shevchenko,2006.8991404280723
2021-01-01,Valentina-Shevchenko,2006.8991404280723
2021-01-01,Valentina-Shevchenko,2006.8991404280723
2021-01-01,Valentina-Shevchenko,2006.8991404280723
2021-01-01,Valentina-Shevchenko,2006.8991404280723
2021-01-01,Valentina-Shevchenko,2006.8991404280723
2021-01-01,Valentina-Shevchenko,2006.8991404280723
2021-01-01,Jose-Aldo,2004.918188609304
2021-01-01,Jose-Aldo,2004.918188609304
2021-01-01,Jose-Aldo,2004.918188609304
2021-01-01,Jose-Aldo,2004.918188609304
2021-01-01,Jose-Aldo,2004.918188609304
2021-01-01,Jose-Aldo,2004.918188609304
2021-01-01,Jose-Aldo,2004.918188609304
2021-01-01,Jose-Aldo,2004.918188609304
2021-01-01,Jose-Aldo,2004.918188609304
2021-01-01,Jose-Aldo,2004.918188609304
2021-01-01,Jose-Aldo,2004.918188609304
2021-01-01,Jose-Aldo,2004.918188609304
2021-01-01,Jose-Aldo,2004.918188609304
2021-01-01,Jose-Aldo,2004.918188609304
2021-01-01,Jose-Aldo,2004.918188609304
2021-01-01,Jose-Aldo,2004.918188609304
2021-01-01,Jose-Aldo,2004.918188609304
2021-01-01,Jose-Aldo,2004.918188609304
2021-01-01,Jose-Aldo,2004.918188609304
2021-01-01,Movsar-Evloev,2004.0067620075743
2021-01-01,Movsar-Evloev,2004.0067620075743
2021-01-01,Movsar-Evloev,2004.0067620075743
2021-01-01,Movsar-Evloev,2004.0067620075743
2021-01-01,Movsar-Evloev,2004.0067620075743
2021-01-01,Movsar-Evloev,2004.0067620075743
2021-01-01,Movsar-Evloev,2004.0067620075743
2021-01-01,Movsar-Evloev,2004.0067620075743
2021-01-01,Movsar-Evloev,2004.0067620075743
2021-01-01,Movsar-Evloev,2004.0067620075743
2021-01-01,Movsar-Evloev,2004.0067620075743
2021-01-01,Movsar-Evloev,2004.0067620075743
2021-01-01,Movsar-Evloev,2004.0067620075743
2021-01-01,Movsar-Evloev,2004.0067620075743
2021-01-01,Movsar-Evloev,2004.0067620075743
2021-01-01,Movsar-Evloev,2004.0067620075743
2021-01-01,Movsar-Evloev,2004.0067620075743
2021-01-01,Movsar-Evloev,2004.0067620075743
2021-01-01,Movsar-Evloev,2004.0067620075743
2021-01-01,Shavkat-Rakhmonov,2002.1740765163743
2021-01-01,Shavkat-Rakhmonov,2002.1740765163743
2021-01-01,Shavkat-Rakhmonov,2002.1740765163743
2021-01-01,Shavkat-Rakhmonov,2002.1740765163743
2021-01-01,Shavkat-Rakhmonov,2002.1740765163743
2021-01-01,Shavkat-Rakhmonov,2002.1740765163743
2021-01-01,Shavkat-Rakhmonov,2002.1740765163743
2021-01-01,Shavkat-Rakhmonov,2002.1740765163743
2021-01-01,Shavkat-Rakhmonov,2002.1740765163743
2021-01-01,Shavkat-Rakhmonov,2002.1740765163743
2021-01-01,Shavkat-Rakhmonov,2002.1740765163743
2021-01-01,Shavkat-Rakhmonov,2002.1740765163743
2021-01-01,Shavkat-Rakhmonov,2002.1740765163743
2021-01-01,Shavkat-Rakhmonov,2002.1740765163743
2021-01-01,Shavkat-Rakhmonov,2002.1740765163743
2021-01-01,Shavkat-Rakhmonov,2002.1740765163743
2021-01-01,Shavkat-Rakhmonov,2002.1740765163743
2021-01-01,Shavkat-Rakhmonov,2002.1740765163743
2021-01-01,Shavkat-Rakhmonov,2002.1740765163743
2021-01-01,Deiveson-Figueiredo,1996.3428698564846
2021-01-01,Deiveson-Figueiredo,1996.3428698564846
2021-01-01,Deiveson-Figueiredo,1996.3428698564846
2021-01-01,Deiveson-Figueiredo,1996.3428698564846
2021-01-01,Deiveson-Figueiredo,1996.3428698564846
2021-01-01,Deiveson-Figueiredo,1996.3428698564846
2021-01-01,Deiveson-Figueiredo,1996.3428698564846
2021-01-01,Deiveson-Figueiredo,1996.3428698564846
2021-01-01,Deiveson-Figueiredo,1996.3428698564846
2021-01-01,Deiveson-Figueiredo,1996.3428698564846
2021-01-01,Deiveson-Figueiredo,1996.3428698564846
2021-01-01,Deiveson-Figueiredo,1996.3428698564846
2021-01-01,Deiveson-Figueiredo,1996.3428698564846
2021-01-01,Deiveson-Figueiredo,1996.3428698564846
2021-01-01,Deiveson-Figueiredo,1996.3428698564846
2021-01-01,Deiveson-Figueiredo,1996.3428698564846
2021-01-01,Deiveson-Figueiredo,1996.3428698564846
2021-01-01,Deiveson-Figueiredo,1996.3428698564846
2021-01-01,Deiveson-Figueiredo,1996.3428698564846
2021-01-01,Curtis-Blaydes,1993.1961819266571
2021-01-01,Curtis-Blaydes,1993.1961819266571
2021-01-01,Curtis-Blaydes,1993.1961819266571
2021-01-01,Curtis-Blaydes,1993.1961819266571
2021-01-01,Curtis-Blaydes,1993.1961819266571
2021-01-01,Curtis-Blaydes,1993.1961819266571
2021-01-01,Curtis-Blaydes,1993.1961819266571
2021-01-01,Curtis-Blaydes,1993.1961819266571
2021-01-01,Curtis-Blaydes,1993.1961819266571
2021-01-01,Curtis-Blaydes,1993.1961819266571
2021-01-01,Curtis-Blaydes,1993.1961819266571
2021-01-01,Curtis-Blaydes,1993.1961819266571
2021-01-01,Curtis-Blaydes,1993.1961819266571
2021-01-01,Curtis-Blaydes,1993.1961819266571
2021-01-01,Curtis-Blaydes,1993.1961819266571
2021-01-01,Curtis-Blaydes,1993.1961819266571
2021-01-01,Curtis-Blaydes,1993.1961819266571
2021-01-01,Curtis-Blaydes,1993.1961819266571
2021-01-01,Curtis-Blaydes,1993.1961819266571
2021-01-01,Glover-Teixeira,1993.1530488715623
2021-01-01,Glover-Teixeira,1993.1530488715623
2021-01-01,Glover-Teixeira,1993.1530488715623
2021-01-01,Glover-Teixeira,1993.1530488715623
2021-01-01,Glover-Teixeira,1993.1530488715623
2021-01-01,Glover-Teixeira,1993.1530488715623
2021-01-01,Glover-Teixeira,1993.1530488715623
2021-01-01,Glover-Teixeira,1993.1530488715623
2021-01-01,Glover-Teixeira,1993.1530488715623
2021-01-01,Glover-Teixeira,1993.1530488715623
2021-01-01,Glover-Teixeira,1993.1530488715623
2021-01-01,Glover-Teixeira,1993.1530488715623
2021-01-01,Glover-Teixeira,1993.1530488715623
2021-01-01,Glover-Teixeira,1993.1530488715623
2021-01-01,Glover-Teixeira,1993.1530488715623
2021-01-01,Glover-Teixeira,1993.1530488715623
2021-01-01,Glover-Teixeira,1993.1530488715623
2021-01-01,Glover-Teixeira,1993.1530488715623
2021-01-01,Glover-Teixeira,1993.1530488715623
2021-01-01,Chan Sung-Jung,1990.2252804245113
2021-01-01,Chan Sung-Jung,1990.2252804245113
2021-01-01,Chan Sung-Jung,1990.2252804245113
2021-01-01,Chan Sung-Jung,1990.2252804245113
2021-01-01,Chan Sung-Jung,1990.2252804245113
2021-01-01,Chan Sung-Jung,1990.2252804245113
2021-01-01,Chan Sung-Jung,1990.2252804245113
2021-01-01,Chan Sung-Jung,1990.2252804245113
2021-01-01,Chan Sung-Jung,1990.2252804245113
2021-01-01,Chan Sung-Jung,1990.2252804245113
2021-01-01,Chan Sung-Jung,1990.2252804245113
2021-01-01,Chan Sung-Jung,1990.2252804245113
2021-01-01,Chan Sung-Jung,1990.2252804245113
2021-01-01,Chan Sung-Jung,1990.2252804245113
2021-01-01,Chan Sung-Jung,1990.2252804245113
2021-01-01,Chan Sung-Jung,1990.2252804245113
2021-01-01,Chan Sung-Jung,1990.2252804245113
2021-01-01,Chan Sung-Jung,1990.2252804245113
2021-01-01,Chan Sung-Jung,1990.2252804245113
2021-01-01,Derek-Brunson,1987.3888633097138
2021-01-01,Derek-Brunson,1987.3888633097138
2021-01-01,Derek-Brunson,1987.3888633097138
2021-01-01,Derek-Brunson,1987.3888633097138
2021-01-01,Derek-Brunson,1987.3888633097138
2021-01-01,Derek-Brunson,1987.3888633097138
2021-01-01,Derek-Brunson,1987.3888633097138
2021-01-01,Derek-Brunson,1987.3888633097138
2021-01-01,Derek-Brunson,1987.3888633097138
2021-01-01,Derek-Brunson,1987.3888633097138
2021-01-01,Derek-Brunson,1987.3888633097138
2021-01-01,Derek-Brunson,1987.3888633097138
2021-01-01,Derek-Brunson,1987.3888633097138
2021-01-01,Derek-Brunson,1987.3888633097138
2021-01-01,Derek-Brunson,1987.3888633097138
2021-01-01,Derek-Brunson,1987.3888633097138
2021-01-01,Derek-Brunson,1987.3888633097138
2021-01-01,Derek-Brunson,1987.3888633097138
2021-01-01,Derek-Brunson,1987.3888633097138
2021-01-01,Cory-Sandhagen,1987.1472874044741
2021-01-01,Cory-Sandhagen,1987.1472874044741
2021-01-01,Cory-Sandhagen,1987.1472874044741
2021-01-01,Cory-Sandhagen,1987.1472874044741
2021-01-01,Cory-Sandhagen,1987.1472874044741
2021-01-01,Cory-Sandhagen,1987.1472874044741
2021-01-01,Cory-Sandhagen,1987.1472874044741
2021-01-01,Cory-Sandhagen,1987.1472874044741
2021-01-01,Cory-Sandhagen,1987.1472874044741
2021-01-01,Cory-Sandhagen,1987.1472874044741
2021-01-01,Cory-Sandhagen,1987.1472874044741
2021-01-01,Cory-Sandhagen,1987.1472874044741
2021-01-01,Cory-Sandhagen,1987.1472874044741
2021-01-01,Cory-Sandhagen,1987.1472874044741
2021-01-01,Cory-Sandhagen,1987.1472874044741
2021-01-01,Cory-Sandhagen,1987.1472874044741
2021-01-01,Cory-Sandhagen,1987.1472874044741
2021-01-01,Cory-Sandhagen,1987.1472874044741
2021-01-01,Cory-Sandhagen,1987.1472874044741
2021-01-01,Vicente-Luque,1978.573022584619
2021-01-01,Vicente-Luque,1978.573022584619
2021-01-01,Vicente-Luque,1978.573022584619
2021-01-01,Vicente-Luque,1978.573022584619
2021-01-01,Vicente-Luque,1978.573022584619
2021-01-01,Vicente-Luque,1978.573022584619
2021-01-01,Vicente-Luque,1978.573022584619
2021-01-01,Vicente-Luque,1978.573022584619
2021-01-01,Vicente-Luque,1978.573022584619
2021-01-01,Vicente-Luque,1978.573022584619
2021-01-01,Vicente-Luque,1978.573022584619
2021-01-01,Vicente-Luque,1978.573022584619
2021-01-01,Vicente-Luque,1978.573022584619
2021-01-01,Vicente-Luque,1978.573022584619
2021-01-01,Vicente-Luque,1978.573022584619
2021-01-01,Vicente-Luque,1978.573022584619
2021-01-01,Vicente-Luque,1978.573022584619
2021-01-01,Vicente-Luque,1978.573022584619
2021-01-01,Vicente-Luque,1978.573022584619
2021-01-01,Muslim-Salikhov,1969.0070075545277
2021-01-01,Muslim-Salikhov,1969.0070075545277
2021-01-01,Muslim-Salikhov,1969.0070075545277
2021-01-01,Muslim-Salikhov,1969.0070075545277
2021-01-01,Muslim-Salikhov,1969.0070075545277
2021-01-01,Muslim-Salikhov,1969.0070075545277
2021-01-01,Muslim-Salikhov,1969.0070075545277
2021-01-01,Muslim-Salikhov,1969.0070075545277
2021-01-01,Muslim-Salikhov,1969.0070075545277
2021-01-01,Muslim-Salikhov,1969.0070075545277
2021-01-01,Muslim-Salikhov,1969.0070075545277
2021-01-01,Muslim-Salikhov,1969.0070075545277
2021-01-01,Muslim-Salikhov,1969.0070075545277
2021-01-01,Muslim-Salikhov,1969.0070075545277
2021-01-01,Muslim-Salikhov,1969.0070075545277
2021-01-01,Muslim-Salikhov,1969.0070075545277
2021-01-01,Muslim-Salikhov,1969.0070075545277
2021-01-01,Muslim-Salikhov,1969.0070075545277
2021-01-01,Muslim-Salikhov,1969.0070075545277
2021-01-01,Gilbert-Burns,1960.0126330492403
2021-01-01,Gilbert-Burns,1960.0126330492403
2021-01-01,Gilbert-Burns,1960.0126330492403
2021-01-01,Gilbert-Burns,1960.0126330492403
2021-01-01,Gilbert-Burns,1960.0126330492403
2021-01-01,Gilbert-Burns,1960.0126330492403
2021-01-01,Gilbert-Burns,1960.0126330492403
2021-01-01,Gilbert-Burns,1960.0126330492403
2021-01-01,Gilbert-Burns,1960.0126330492403
2021-01-01,Gilbert-Burns,1960.0126330492403
2021-01-01,Gilbert-Burns,1960.0126330492403
2021-01-01,Gilbert-Burns,1960.0126330492403
2021-01-01,Gilbert-Burns,1960.0126330492403
2021-01-01,Gilbert-Burns,1960.0126330492403
2021-01-01,Gilbert-Burns,1960.0126330492403
2021-01-01,Gilbert-Burns,1960.0126330492403
2021-01-01,Gilbert-Burns,1960.0126330492403
2021-01-01,Gilbert-Burns,1960.0126330492403
2021-01-01,Gilbert-Burns,1960.0126330492403
2021-01-01,Brandon-Moreno,1959.2824547049004
2021-01-01,Brandon-Moreno,1959.2824547049004
2021-01-01,Brandon-Moreno,1959.2824547049004
2021-01-01,Brandon-Moreno,1959.2824547049004
2021-01-01,Brandon-Moreno,1959.2824547049004
2021-01-01,Brandon-Moreno,1959.2824547049004
2021-01-01,Brandon-Moreno,1959.2824547049004
2021-01-01,Brandon-Moreno,1959.2824547049004
2021-01-01,Brandon-Moreno,1959.2824547049004
2021-01-01,Brandon-Moreno,1959.2824547049004
2021-01-01,Brandon-Moreno,1959.2824547049004
2021-01-01,Brandon-Moreno,1959.2824547049004
2021-01-01,Brandon-Moreno,1959.2824547049004
2021-01-01,Brandon-Moreno,1959.2824547049004
2021-01-01,Brandon-Moreno,1959.2824547049004
2021-01-01,Brandon-Moreno,1959.2824547049004
2021-01-01,Brandon-Moreno,1959.2824547049004
2021-01-01,Brandon-Moreno,1959.2824547049004
2021-01-01,Brandon-Moreno,1959.2824547049004
2021-01-01,Grant-Dawson,1957.4386864480832
2021-01-01,Grant-Dawson,1957.4386864480832
2021-01-01,Grant-Dawson,1957.4386864480832
2021-01-01,Grant-Dawson,1957.4386864480832
2021-01-01,Grant-Dawson,1957.4386864480832
2021-01-01,Grant-Dawson,1957.4386864480832
2021-01-01,Grant-Dawson,1957.4386864480832
2021-01-01,Grant-Dawson,1957.4386864480832
2021-01-01,Grant-Dawson,1957.4386864480832
2021-01-01,Grant-Dawson,1957.4386864480832
2021-01-01,Grant-Dawson,1957.4386864480832
2021-01-01,Grant-Dawson,1957.4386864480832
2021-01-01,Grant-Dawson,1957.4386864480832
2021-01-01,Grant-Dawson,1957.4386864480832
2021-01-01,Grant-Dawson,1957.4386864480832
2021-01-01,Grant-Dawson,1957.4386864480832
2021-01-01,Grant-Dawson,1957.4386864480832
2021-01-01,Grant-Dawson,1957.4386864480832
2021-01-01,Grant-Dawson,1957.4386864480832
2021-01-01,Santiago-Ponzinibbio,1951.085247550875
2021-01-01,Santiago-Ponzinibbio,1951.085247550875
2021-01-01,Santiago-Ponzinibbio,1951.085247550875
2021-01-01,Santiago-Ponzinibbio,1951.085247550875
2021-01-01,Santiago-Ponzinibbio,1951.085247550875
2021-01-01,Santiago-Ponzinibbio,1951.085247550875
2021-01-01,Santiago-Ponzinibbio,1951.085247550875
2021-01-01,Santiago-Ponzinibbio,1951.085247550875
2021-01-01,Santiago-Ponzinibbio,1951.085247550875
2021-01-01,Santiago-Ponzinibbio,1951.085247550875
2021-01-01,Santiago-Ponzinibbio,1951.085247550875
2021-01-01,Santiago-Ponzinibbio,1951.085247550875
2021-01-01,Santiago-Ponzinibbio,1951.085247550875
2021-01-01,Santiago-Ponzinibbio,1951.085247550875
2021-01-01,Santiago-Ponzinibbio,1951.085247550875
2021-01-01,Santiago-Ponzinibbio,1951.085247550875
2021-01-01,Santiago-Ponzinibbio,1951.085247550875
2021-01-01,Santiago-Ponzinibbio,1951.085247550875
2021-01-01,Santiago-Ponzinibbio,1951.085247550875
2021-01-01,Arman-Tsarukyan,1950.0825189938525
2021-01-01,Arman-Tsarukyan,1950.0825189938525
2021-01-01,Arman-Tsarukyan,1950.0825189938525
2021-01-01,Arman-Tsarukyan,1950.0825189938525
2021-01-01,Arman-Tsarukyan,1950.0825189938525
2021-01-01,Arman-Tsarukyan,1950.0825189938525
2021-01-01,Arman-Tsarukyan,1950.0825189938525
2021-01-01,Arman-Tsarukyan,1950.0825189938525
2021-01-01,Arman-Tsarukyan,1950.0825189938525
2021-01-01,Arman-Tsarukyan,1950.0825189938525
2021-01-01,Arman-Tsarukyan,1950.0825189938525
2021-01-01,Arman-Tsarukyan,1950.0825189938525
2021-01-01,Arman-Tsarukyan,1950.0825189938525
2021-01-01,Arman-Tsarukyan,1950.0825189938525
2021-01-01,Arman-Tsarukyan,1950.0825189938525
2021-01-01,Arman-Tsarukyan,1950.0825189938525
2021-01-01,Arman-Tsarukyan,1950.0825189938525
2021-01-01,Arman-Tsarukyan,1950.0825189938525
2021-01-01,Arman-Tsarukyan,1950.0825189938525
2021-01-01,Jairzinho-Rozenstruik,1942.7178978294369
2021-01-01,Jairzinho-Rozenstruik,1942.7178978294369
2021-01-01,Jairzinho-Rozenstruik,1942.7178978294369
2021-01-01,Jairzinho-Rozenstruik,1942.7178978294369
2021-01-01,Jairzinho-Rozenstruik,1942.7178978294369
2021-01-01,Jairzinho-Rozenstruik,1942.7178978294369
2021-01-01,Jairzinho-Rozenstruik,1942.7178978294369
2021-01-01,Jairzinho-Rozenstruik,1942.7178978294369
2021-01-01,Jairzinho-Rozenstruik,1942.7178978294369
2021-01-01,Jairzinho-Rozenstruik,1942.7178978294369
2021-01-01,Jairzinho-Rozenstruik,1942.7178978294369
2021-01-01,Jairzinho-Rozenstruik,1942.7178978294369
2021-01-01,Jairzinho-Rozenstruik,1942.7178978294369
2021-01-01,Jairzinho-Rozenstruik,1942.7178978294369
2021-01-01,Jairzinho-Rozenstruik,1942.7178978294369
2021-01-01,Jairzinho-Rozenstruik,1942.7178978294369
2021-01-01,Jairzinho-Rozenstruik,1942.7178978294369
2021-01-01,Jairzinho-Rozenstruik,1942.7178978294369
2021-01-01,Jairzinho-Rozenstruik,1942.7178978294369
2021-01-01,Alexander-Volkov,1942.6954250767526
2021-01-01,Alexander-Volkov,1942.6954250767526
2021-01-01,Alexander-Volkov,1942.6954250767526
2021-01-01,Alexander-Volkov,1942.6954250767526
2021-01-01,Alexander-Volkov,1942.6954250767526
2021-01-01,Alexander-Volkov,1942.6954250767526
2021-01-01,Alexander-Volkov,1942.6954250767526
2021-01-01,Alexander-Volkov,1942.6954250767526
2021-01-01,Alexander-Volkov,1942.6954250767526
2021-01-01,Alexander-Volkov,1942.6954250767526
2021-01-01,Alexander-Volkov,1942.6954250767526
2021-01-01,Alexander-Volkov,1942.6954250767526
2021-01-01,Alexander-Volkov,1942.6954250767526
2021-01-01,Alexander-Volkov,1942.6954250767526
2021-01-01,Alexander-Volkov,1942.6954250767526
2021-01-01,Alexander-Volkov,1942.6954250767526
2021-01-01,Alexander-Volkov,1942.6954250767526
2021-01-01,Alexander-Volkov,1942.6954250767526
2021-01-01,Alexander-Volkov,1942.6954250767526
2021-01-01,Merab-Dvalishvili,1942.2979670833058
2021-01-01,Merab-Dvalishvili,1942.2979670833058
2021-01-01,Merab-Dvalishvili,1942.2979670833058
2021-01-01,Merab-Dvalishvili,1942.2979670833058
2021-01-01,Merab-Dvalishvili,1942.2979670833058
2021-01-01,Merab-Dvalishvili,1942.2979670833058
2021-01-01,Merab-Dvalishvili,1942.2979670833058
2021-01-01,Merab-Dvalishvili,1942.2979670833058
2021-01-01,Merab-Dvalishvili,1942.2979670833058
2021-01-01,Merab-Dvalishvili,1942.2979670833058
2021-01-01,Merab-Dvalishvili,1942.2979670833058
2021-01-01,Merab-Dvalishvili,1942.2979670833058
2021-01-01,Merab-Dvalishvili,1942.2979670833058
2021-01-01,Merab-Dvalishvili,1942.2979670833058
2021-01-01,Merab-Dvalishvili,1942.2979670833058
2021-01-01,Merab-Dvalishvili,1942.2979670833058
2021-01-01,Merab-Dvalishvili,1942.2979670833058
2021-01-01,Merab-Dvalishvili,1942.2979670833058
2021-01-01,Merab-Dvalishvili,1942.2979670833058
2021-01-01,Derrick-Lewis,1925.2612480201658
2021-01-01,Derrick-Lewis,1925.2612480201658
2021-01-01,Derrick-Lewis,1925.2612480201658
2021-01-01,Derrick-Lewis,1925.2612480201658
2021-01-01,Derrick-Lewis,1925.2612480201658
2021-01-01,Derrick-Lewis,1925.2612480201658
2021-01-01,Derrick-Lewis,1925.2612480201658
2021-01-01,Derrick-Lewis,1925.2612480201658
2021-01-01,Derrick-Lewis,1925.2612480201658
2021-01-01,Derrick-Lewis,1925.2612480201658
2021-01-01,Derrick-Lewis,1925.2612480201658
2021-01-01,Derrick-Lewis,1925.2612480201658
2021-01-01,Derrick-Lewis,1925.2612480201658
2021-01-01,Derrick-Lewis,1925.2612480201658
2021-01-01,Derrick-Lewis,1925.2612480201658
2021-01-01,Derrick-Lewis,1925.2612480201658
2021-01-01,Derrick-Lewis,1925.2612480201658
2021-01-01,Derrick-Lewis,1925.2612480201658
2021-01-01,Derrick-Lewis,1925.2612480201658
2021-01-01,Jan-Blachowicz,1922.5065469909364
2021-01-01,Jan-Blachowicz,1922.5065469909364
2021-01-01,Jan-Blachowicz,1922.5065469909364
2021-01-01,Jan-Blachowicz,1922.5065469909364
2021-01-01,Jan-Blachowicz,1922.5065469909364
2021-01-01,Jan-Blachowicz,1922.5065469909364
2021-01-01,Jan-Blachowicz,1922.5065469909364
2021-01-01,Jan-Blachowicz,1922.5065469909364
2021-01-01,Jan-Blachowicz,1922.5065469909364
2021-01-01,Jan-Blachowicz,1922.5065469909364
2021-01-01,Jan-Blachowicz,1922.5065469909364
2021-01-01,Jan-Blachowicz,1922.5065469909364
2021-01-01,Jan-Blachowicz,1922.5065469909364
2021-01-01,Jan-Blachowicz,1922.5065469909364
2021-01-01,Jan-Blachowicz,1922.5065469909364
2021-01-01,Jan-Blachowicz,1922.5065469909364
2021-01-01,Jan-Blachowicz,1922.5065469909364
2021-01-01,Jan-Blachowicz,1922.5065469909364
2021-01-01,Jan-Blachowicz,1922.5065469909364
2021-01-01,Daniel-Rodriguez,1919.827675684956
2021-01-01,Daniel-Rodriguez,1919.827675684956
2021-01-01,Daniel-Rodriguez,1919.827675684956
2021-01-01,Daniel-Rodriguez,1919.827675684956
2021-01-01,Daniel-Rodriguez,1919.827675684956
2021-01-01,Daniel-Rodriguez,1919.827675684956
2021-01-01,Daniel-Rodriguez,1919.827675684956
2021-01-01,Daniel-Rodriguez,1919.827675684956
2021-01-01,Daniel-Rodriguez,1919.827675684956
2021-01-01,Daniel-Rodriguez,1919.827675684956
2021-01-01,Daniel-Rodriguez,1919.827675684956
2021-01-01,Daniel-Rodriguez,1919.827675684956
2021-01-01,Daniel-Rodriguez,1919.827675684956
2021-01-01,Daniel-Rodriguez,1919.827675684956
2021-01-01,Daniel-Rodriguez,1919.827675684956
2021-01-01,Daniel-Rodriguez,1919.827675684956
2021-01-01,Daniel-Rodriguez,1919.827675684956
2021-01-01,Daniel-Rodriguez,1919.827675684956
2021-01-01,Daniel-Rodriguez,1919.827675684956
2021-01-01,Alexander-Volkov,1919.3194520106506
2021-01-01,Alexander-Volkov,1919.3194520106506
2021-01-01,Alexander-Volkov,1919.3194520106506
2021-01-01,Alexander-Volkov,1919.3194520106506
2021-01-01,Alexander-Volkov,1919.3194520106506
2021-01-01,Alexander-Volkov,1919.3194520106506
2021-01-01,Alexander-Volkov,1919.3194520106506
2021-01-01,Alexander-Volkov,1919.3194520106506
2021-01-01,Alexander-Volkov,1919.3194520106506
2021-01-01,Alexander-Volkov,1919.3194520106506
2021-01-01,Alexander-Volkov,1919.3194520106506
2021-01-01,Alexander-Volkov,1919.3194520106506
2021-01-01,Alexander-Volkov,1919.3194520106506
2021-01-01,Alexander-Volkov,1919.3194520106506
2021-01-01,Alexander-Volkov,1919.3194520106506
2021-01-01,Alexander-Volkov,1919.3194520106506
2021-01-01,Alexander-Volkov,1919.3194520106506
2021-01-01,Alexander-Volkov,1919.3194520106506
2021-01-01,Alexander-Volkov,1919.3194520106506
2021-01-01,Song-Yadong,1918.2549675039568
2021-01-01,Song-Yadong,1918.2549675039568
2021-01-01,Song-Yadong,1918.2549675039568
2021-01-01,Song-Yadong,1918.2549675039568
2021-01-01,Song-Yadong,1918.2549675039568
2021-01-01,Song-Yadong,1918.2549675039568
2021-01-01,Song-Yadong,1918.2549675039568
2021-01-01,Song-Yadong,1918.2549675039568
2021-01-01,Song-Yadong,1918.2549675039568
2021-01-01,Song-Yadong,1918.2549675039568
2021-01-01,Song-Yadong,1918.2549675039568
2021-01-01,Song-Yadong,1918.2549675039568
2021-01-01,Song-Yadong,1918.2549675039568
2021-01-01,Song-Yadong,1918.2549675039568
2021-01-01,Song-Yadong,1918.2549675039568
2021-01-01,Song-Yadong,1918.2549675039568
2021-01-01,Song-Yadong,1918.2549675039568
2021-01-01,Song-Yadong,1918.2549675039568
2021-01-01,Song-Yadong,1918.2549675039568
2021-01-01,Elizeu-Zaleski dos Santos,1912.5558258962528
2021-01-01,Elizeu-Zaleski dos Santos,1912.5558258962528
2021-01-01,Elizeu-Zaleski dos Santos,1912.5558258962528
2021-01-01,Elizeu-Zaleski dos Santos,1912.5558258962528
2021-01-01,Elizeu-Zaleski dos Santos,1912.5558258962528
2021-01-01,Elizeu-Zaleski dos Santos,1912.5558258962528
2021-01-01,Elizeu-Zaleski dos Santos,1912.5558258962528
2021-01-01,Elizeu-Zaleski dos Santos,1912.5558258962528
2021-01-01,Elizeu-Zaleski dos Santos,1912.5558258962528
2021-01-01,Elizeu-Zaleski dos Santos,1912.5558258962528
2021-01-01,Elizeu-Zaleski dos Santos,1912.5558258962528
2021-01-01,Elizeu-Zaleski dos Santos,1912.5558258962528
2021-01-01,Elizeu-Zaleski dos Santos,1912.5558258962528
2021-01-01,Elizeu-Zaleski dos Santos,1912.5558258962528
2021-01-01,Elizeu-Zaleski dos Santos,1912.5558258962528
2021-01-01,Elizeu-Zaleski dos Santos,1912.5558258962528
2021-01-01,Elizeu-Zaleski dos Santos,1912.5558258962528
2021-01-01,Elizeu-Zaleski dos Santos,1912.5558258962528
2021-01-01,Elizeu-Zaleski dos Santos,1912.5558258962528
2021-01-01,Marlon-Moraes,1912.3405619035955
2021-01-01,Marlon-Moraes,1912.3405619035955
2021-01-01,Marlon-Moraes,1912.3405619035955
2021-01-01,Marlon-Moraes,1912.3405619035955
2021-01-01,Marlon-Moraes,1912.3405619035955
2021-01-01,Marlon-Moraes,1912.3405619035955
2021-01-01,Marlon-Moraes,1912.3405619035955
2021-01-01,Marlon-Moraes,1912.3405619035955
2021-01-01,Marlon-Moraes,1912.3405619035955
2021-01-01,Marlon-Moraes,1912.3405619035955
2021-01-01,Marlon-Moraes,1912.3405619035955
2021-01-01,Marlon-Moraes,1912.3405619035955
2021-01-01,Marlon-Moraes,1912.3405619035955
2021-01-01,Marlon-Moraes,1912.3405619035955
2021-01-01,Marlon-Moraes,1912.3405619035955
2021-01-01,Marlon-Moraes,1912.3405619035955
2021-01-01,Marlon-Moraes,1912.3405619035955
2021-01-01,Marlon-Moraes,1912.3405619035955
2021-01-01,Marlon-Moraes,1912.3405619035955
2021-01-01,Magomed-Ankalaev,1911.8062104898652
2021-01-01,Magomed-Ankalaev,1911.8062104898652
2021-01-01,Magomed-Ankalaev,1911.8062104898652
2021-01-01,Magomed-Ankalaev,1911.8062104898652
2021-01-01,Magomed-Ankalaev,1911.8062104898652
2021-01-01,Magomed-Ankalaev,1911.8062104898652
2021-01-01,Magomed-Ankalaev,1911.8062104898652
2021-01-01,Magomed-Ankalaev,1911.8062104898652
2021-01-01,Magomed-Ankalaev,1911.8062104898652
2021-01-01,Magomed-Ankalaev,1911.8062104898652
2021-01-01,Magomed-Ankalaev,1911.8062104898652
2021-01-01,Magomed-Ankalaev,1911.8062104898652
2021-01-01,Magomed-Ankalaev,1911.8062104898652
2021-01-01,Magomed-Ankalaev,1911.8062104898652
2021-01-01,Magomed-Ankalaev,1911.8062104898652
2021-01-01,Magomed-Ankalaev,1911.8062104898652
2021-01-01,Magomed-Ankalaev,1911.8062104898652
2021-01-01,Magomed-Ankalaev,1911.8062104898652
2021-01-01,Magomed-Ankalaev,1911.8062104898652
2021-01-01,Paulo-Costa,1906.3198189963148
2021-01-01,Paulo-Costa,1906.3198189963148
2021-01-01,Paulo-Costa,1906.3198189963148
2021-01-01,Paulo-Costa,1906.3198189963148
2021-01-01,Paulo-Costa,1906.3198189963148
2021-01-01,Paulo-Costa,1906.3198189963148
2021-01-01,Paulo-Costa,1906.3198189963148
2021-01-01,Paulo-Costa,1906.3198189963148
2021-01-01,Paulo-Costa,1906.3198189963148
2021-01-01,Paulo-Costa,1906.3198189963148
2021-01-01,Paulo-Costa,1906.3198189963148
2021-01-01,Paulo-Costa,1906.3198189963148
2021-01-01,Paulo-Costa,1906.3198189963148
2021-01-01,Paulo-Costa,1906.3198189963148
2021-01-01,Paulo-Costa,1906.3198189963148
2021-01-01,Paulo-Costa,1906.3198189963148
2021-01-01,Paulo-Costa,1906.3198189963148
2021-01-01,Paulo-Costa,1906.3198189963148
2021-01-01,Paulo-Costa,1906.3198189963148
2021-01-01,Stephen-Thompson,1904.8709351573557
2021-01-01,Stephen-Thompson,1904.8709351573557
2021-01-01,Stephen-Thompson,1904.8709351573557
2021-01-01,Stephen-Thompson,1904.8709351573557
2021-01-01,Stephen-Thompson,1904.8709351573557
2021-01-01,Stephen-Thompson,1904.8709351573557
2021-01-01,Stephen-Thompson,1904.8709351573557
2021-01-01,Stephen-Thompson,1904.8709351573557
2021-01-01,Stephen-Thompson,1904.8709351573557
2021-01-01,Stephen-Thompson,1904.8709351573557
2021-01-01,Stephen-Thompson,1904.8709351573557
2021-01-01,Stephen-Thompson,1904.8709351573557
2021-01-01,Stephen-Thompson,1904.8709351573557
2021-01-01,Stephen-Thompson,1904.8709351573557
2021-01-01,Stephen-Thompson,1904.8709351573557
2021-01-01,Stephen-Thompson,1904.8709351573557
2021-01-01,Stephen-Thompson,1904.8709351573557
2021-01-01,Stephen-Thompson,1904.8709351573557
2021-01-01,Stephen-Thompson,1904.8709351573557
2021-01-01,Jairzinho-Rozenstruik,1903.8665840155597
2021-01-01,Jairzinho-Rozenstruik,1903.8665840155597
2021-01-01,Jairzinho-Rozenstruik,1903.8665840155597
2021-01-01,Jairzinho-Rozenstruik,1903.8665840155597
2021-01-01,Jairzinho-Rozenstruik,1903.8665840155597
2021-01-01,Jairzinho-Rozenstruik,1903.8665840155597
2021-01-01,Jairzinho-Rozenstruik,1903.8665840155597
2021-01-01,Jairzinho-Rozenstruik,1903.8665840155597
2021-01-01,Jairzinho-Rozenstruik,1903.8665840155597
2021-01-01,Jairzinho-Rozenstruik,1903.8665840155597
2021-01-01,Jairzinho-Rozenstruik,1903.8665840155597
2021-01-01,Jairzinho-Rozenstruik,1903.8665840155597
2021-01-01,Jairzinho-Rozenstruik,1903.8665840155597
2021-01-01,Jairzinho-Rozenstruik,1903.8665840155597
2021-01-01,Jairzinho-Rozenstruik,1903.8665840155597
2021-01-01,Jairzinho-Rozenstruik,1903.8665840155597
2021-01-01,Jairzinho-Rozenstruik,1903.8665840155597
2021-01-01,Jairzinho-Rozenstruik,1903.8665840155597
2021-01-01,Jairzinho-Rozenstruik,1903.8665840155597
2021-01-01,Belal-Muhammad,1901.8661392541512
2021-01-01,Belal-Muhammad,1901.8661392541512
2021-01-01,Belal-Muhammad,1901.8661392541512
2021-01-01,Belal-Muhammad,1901.8661392541512
2021-01-01,Belal-Muhammad,1901.8661392541512
2021-01-01,Belal-Muhammad,1901.8661392541512
2021-01-01,Belal-Muhammad,1901.8661392541512
2021-01-01,Belal-Muhammad,1901.8661392541512
2021-01-01,Belal-Muhammad,1901.8661392541512
2021-01-01,Belal-Muhammad,1901.8661392541512
2021-01-01,Belal-Muhammad,1901.8661392541512
2021-01-01,Belal-Muhammad,1901.8661392541512
2021-01-01,Belal-Muhammad,1901.8661392541512
2021-01-01,Belal-Muhammad,1901.8661392541512
2021-01-01,Belal-Muhammad,1901.8661392541512
2021-01-01,Belal-Muhammad,1901.8661392541512
2021-01-01,Belal-Muhammad,1901.8661392541512
2021-01-01,Belal-Muhammad,1901.8661392541512
2021-01-01,Belal-Muhammad,1901.8661392541512
2021-01-01,Cody-Garbrandt,1896.0922723740164
2021-01-01,Cody-Garbrandt,1896.0922723740164
2021-01-01,Cody-Garbrandt,1896.0922723740164
2021-01-01,Cody-Garbrandt,1896.0922723740164
2021-01-01,Cody-Garbrandt,1896.0922723740164
2021-01-01,Cody-Garbrandt,1896.0922723740164
2021-01-01,Cody-Garbrandt,1896.0922723740164
2021-01-01,Cody-Garbrandt,1896.0922723740164
2021-01-01,Cody-Garbrandt,1896.0922723740164
2021-01-01,Cody-Garbrandt,1896.0922723740164
2021-01-01,Cody-Garbrandt,1896.0922723740164
2021-01-01,Cody-Garbrandt,1896.0922723740164
2021-01-01,Cody-Garbrandt,1896.0922723740164
2021-01-01,Cody-Garbrandt,1896.0922723740164
2021-01-01,Cody-Garbrandt,1896.0922723740164
2021-01-01,Cody-Garbrandt,1896.0922723740164
2021-01-01,Cody-Garbrandt,1896.0922723740164
2021-01-01,Cody-Garbrandt,1896.0922723740164
2021-01-01,Cody-Garbrandt,1896.0922723740164
2021-01-01,Tom-Aspinall,1894.663836209369
2021-01-01,Tom-Aspinall,1894.663836209369
2021-01-01,Tom-Aspinall,1894.663836209369
2021-01-01,Tom-Aspinall,1894.663836209369
2021-01-01,Tom-Aspinall,1894.663836209369
2021-01-01,Tom-Aspinall,1894.663836209369
2021-01-01,Tom-Aspinall,1894.663836209369
2021-01-01,Tom-Aspinall,1894.663836209369
2021-01-01,Tom-Aspinall,1894.663836209369
2021-01-01,Tom-Aspinall,1894.663836209369
2021-01-01,Tom-Aspinall,1894.663836209369
2021-01-01,Tom-Aspinall,1894.663836209369
2021-01-01,Tom-Aspinall,1894.663836209369
2021-01-01,Tom-Aspinall,1894.663836209369
2021-01-01,Tom-Aspinall,1894.663836209369
2021-01-01,Tom-Aspinall,1894.663836209369
2021-01-01,Tom-Aspinall,1894.663836209369
2021-01-01,Tom-Aspinall,1894.663836209369
2021-01-01,Tom-Aspinall,1894.663836209369
2021-01-01,Alexandr-Romanov,1893.600870781689
2021-01-01,Alexandr-Romanov,1893.600870781689
2021-01-01,Alexandr-Romanov,1893.600870781689
2021-01-01,Alexandr-Romanov,1893.600870781689
2021-01-01,Alexandr-Romanov,1893.600870781689
2021-01-01,Alexandr-Romanov,1893.600870781689
2021-01-01,Alexandr-Romanov,1893.600870781689
2021-01-01,Alexandr-Romanov,1893.600870781689
2021-01-01,Alexandr-Romanov,1893.600870781689
2021-01-01,Alexandr-Romanov,1893.600870781689
2021-01-01,Alexandr-Romanov,1893.600870781689
2021-01-01,Alexandr-Romanov,1893.600870781689
2021-01-01,Alexandr-Romanov,1893.600870781689
2021-01-01,Alexandr-Romanov,1893.600870781689
2021-01-01,Alexandr-Romanov,1893.600870781689
2021-01-01,Alexandr-Romanov,1893.600870781689
2021-01-01,Alexandr-Romanov,1893.600870781689
2021-01-01,Alexandr-Romanov,1893.600870781689
2021-01-01,Alexandr-Romanov,1893.600870781689
2021-01-01,Michael-Chiesa,1890.4425660293834
2021-01-01,Michael-Chiesa,1890.4425660293834
2021-01-01,Michael-Chiesa,1890.4425660293834
2021-01-01,Michael-Chiesa,1890.4425660293834
2021-01-01,Michael-Chiesa,1890.4425660293834
2021-01-01,Michael-Chiesa,1890.4425660293834
2021-01-01,Michael-Chiesa,1890.4425660293834
2021-01-01,Michael-Chiesa,1890.4425660293834
2021-01-01,Michael-Chiesa,1890.4425660293834
2021-01-01,Michael-Chiesa,1890.4425660293834
2021-01-01,Michael-Chiesa,1890.4425660293834
2021-01-01,Michael-Chiesa,1890.4425660293834
2021-01-01,Michael-Chiesa,1890.4425660293834
2021-01-01,Michael-Chiesa,1890.4425660293834
2021-01-01,Michael-Chiesa,1890.4425660293834
2021-01-01,Michael-Chiesa,1890.4425660293834
2021-01-01,Michael-Chiesa,1890.4425660293834
2021-01-01,Michael-Chiesa,1890.4425660293834
2021-01-01,Michael-Chiesa,1890.4425660293834
2021-01-01,Marvin-Vettori,1885.1097505156467
2021-01-01,Marvin-Vettori,1885.1097505156467
2021-01-01,Marvin-Vettori,1885.1097505156467
2021-01-01,Marvin-Vettori,1885.1097505156467
2021-01-01,Marvin-Vettori,1885.1097505156467
2021-01-01,Marvin-Vettori,1885.1097505156467
2021-01-01,Marvin-Vettori,1885.1097505156467
2021-01-01,Marvin-Vettori,1885.1097505156467
2021-01-01,Marvin-Vettori,1885.1097505156467
2021-01-01,Marvin-Vettori,1885.1097505156467
2021-01-01,Marvin-Vettori,1885.1097505156467
2021-01-01,Marvin-Vettori,1885.1097505156467
2021-01-01,Marvin-Vettori,1885.1097505156467
2021-01-01,Marvin-Vettori,1885.1097505156467
2021-01-01,Marvin-Vettori,1885.1097505156467
2021-01-01,Marvin-Vettori,1885.1097505156467
2021-01-01,Marvin-Vettori,1885.1097505156467
2021-01-01,Marvin-Vettori,1885.1097505156467
2021-01-01,Marvin-Vettori,1885.1097505156467
2021-01-01,Anthony-Smith,1884.327109212708
2021-01-01,Anthony-Smith,1884.327109212708
2021-01-01,Anthony-Smith,1884.327109212708
2021-01-01,Anthony-Smith,1884.327109212708
2021-01-01,Anthony-Smith,1884.327109212708
2021-01-01,Anthony-Smith,1884.327109212708
2021-01-01,Anthony-Smith,1884.327109212708
2021-01-01,Anthony-Smith,1884.327109212708
2021-01-01,Anthony-Smith,1884.327109212708
2021-01-01,Anthony-Smith,1884.327109212708
2021-01-01,Anthony-Smith,1884.327109212708
2021-01-01,Anthony-Smith,1884.327109212708
2021-01-01,Anthony-Smith,1884.327109212708
2021-01-01,Anthony-Smith,1884.327109212708
2021-01-01,Anthony-Smith,1884.327109212708
2021-01-01,Anthony-Smith,1884.327109212708
2021-01-01,Anthony-Smith,1884.327109212708
2021-01-01,Anthony-Smith,1884.327109212708
2021-01-01,Anthony-Smith,1884.327109212708
2021-01-01,Darren-Till,1877.1385744698853
2021-01-01,Darren-Till,1877.1385744698853
2021-01-01,Darren-Till,1877.1385744698853
2021-01-01,Darren-Till,1877.1385744698853
2021-01-01,Darren-Till,1877.1385744698853
2021-01-01,Darren-Till,1877.1385744698853
2021-01-01,Darren-Till,1877.1385744698853
2021-01-01,Darren-Till,1877.1385744698853
2021-01-01,Darren-Till,1877.1385744698853
2021-01-01,Darren-Till,1877.1385744698853
2021-01-01,Darren-Till,1877.1385744698853
2021-01-01,Darren-Till,1877.1385744698853
2021-01-01,Darren-Till,1877.1385744698853
2021-01-01,Darren-Till,1877.1385744698853
2021-01-01,Darren-Till,1877.1385744698853
2021-01-01,Darren-Till,1877.1385744698853
2021-01-01,Darren-Till,1877.1385744698853
2021-01-01,Darren-Till,1877.1385744698853
2021-01-01,Darren-Till,1877.1385744698853
2021-01-01,Kelvin-Gastelum,1877.1077457989272
2021-01-01,Kelvin-Gastelum,1877.1077457989272
2021-01-01,Kelvin-Gastelum,1877.1077457989272
2021-01-01,Kelvin-Gastelum,1877.1077457989272
2021-01-01,Kelvin-Gastelum,1877.1077457989272
2021-01-01,Kelvin-Gastelum,1877.1077457989272
2021-01-01,Kelvin-Gastelum,1877.1077457989272
2021-01-01,Kelvin-Gastelum,1877.1077457989272
2021-01-01,Kelvin-Gastelum,1877.1077457989272
2021-01-01,Kelvin-Gastelum,1877.1077457989272
2021-01-01,Kelvin-Gastelum,1877.1077457989272
2021-01-01,Kelvin-Gastelum,1877.1077457989272
2021-01-01,Kelvin-Gastelum,1877.1077457989272
2021-01-01,Kelvin-Gastelum,1877.1077457989272
2021-01-01,Kelvin-Gastelum,1877.1077457989272
2021-01-01,Kelvin-Gastelum,1877.1077457989272
2021-01-01,Kelvin-Gastelum,1877.1077457989272
2021-01-01,Kelvin-Gastelum,1877.1077457989272
2021-01-01,Kelvin-Gastelum,1877.1077457989272
2021-01-01,Dan-Ige,1876.8865788303872
2021-01-01,Dan-Ige,1876.8865788303872
2021-01-01,Dan-Ige,1876.8865788303872
2021-01-01,Dan-Ige,1876.8865788303872
2021-01-01,Dan-Ige,1876.8865788303872
2021-01-01,Dan-Ige,1876.8865788303872
2021-01-01,Dan-Ige,1876.8865788303872
2021-01-01,Dan-Ige,1876.8865788303872
2021-01-01,Dan-Ige,1876.8865788303872
2021-01-01,Dan-Ige,1876.8865788303872
2021-01-01,Dan-Ige,1876.8865788303872
2021-01-01,Dan-Ige,1876.8865788303872
2021-01-01,Dan-Ige,1876.8865788303872
2021-01-01,Dan-Ige,1876.8865788303872
2021-01-01,Dan-Ige,1876.8865788303872
2021-01-01,Dan-Ige,1876.8865788303872
2021-01-01,Dan-Ige,1876.8865788303872
2021-01-01,Dan-Ige,1876.8865788303872
2021-01-01,Dan-Ige,1876.8865788303872
2021-01-01,Demian-Maia,1872.729323030196
2021-01-01,Demian-Maia,1872.729323030196
2021-01-01,Demian-Maia,1872.729323030196
2021-01-01,Demian-Maia,1872.729323030196
2021-01-01,Demian-Maia,1872.729323030196
2021-01-01,Demian-Maia,1872.729323030196
2021-01-01,Demian-Maia,1872.729323030196
2021-01-01,Demian-Maia,1872.729323030196
2021-01-01,Demian-Maia,1872.729323030196
2021-01-01,Demian-Maia,1872.729323030196
2021-01-01,Demian-Maia,1872.729323030196
2021-01-01,Demian-Maia,1872.729323030196
2021-01-01,Demian-Maia,1872.729323030196
2021-01-01,Demian-Maia,1872.729323030196
2021-01-01,Demian-Maia,1872.729323030196
2021-01-01,Demian-Maia,1872.729323030196
2021-01-01,Demian-Maia,1872.729323030196
2021-01-01,Demian-Maia,1872.729323030196
2021-01-01,Demian-Maia,1872.729323030196
2021-01-01,Edson-Barboza,1867.3787276006483
2021-01-01,Edson-Barboza,1867.3787276006483
2021-01-01,Edson-Barboza,1867.3787276006483
2021-01-01,Edson-Barboza,1867.3787276006483
2021-01-01,Edson-Barboza,1867.3787276006483
2021-01-01,Edson-Barboza,1867.3787276006483
2021-01-01,Edson-Barboza,1867.3787276006483
2021-01-01,Edson-Barboza,1867.3787276006483
2021-01-01,Edson-Barboza,1867.3787276006483
2021-01-01,Edson-Barboza,1867.3787276006483
2021-01-01,Edson-Barboza,1867.3787276006483
2021-01-01,Edson-Barboza,1867.3787276006483
2021-01-01,Edson-Barboza,1867.3787276006483
2021-01-01,Edson-Barboza,1867.3787276006483
2021-01-01,Edson-Barboza,1867.3787276006483
2021-01-01,Edson-Barboza,1867.3787276006483
2021-01-01,Edson-Barboza,1867.3787276006483
2021-01-01,Edson-Barboza,1867.3787276006483
2021-01-01,Edson-Barboza,1867.3787276006483
2021-01-01,Francisco-Trinaldo,1864.536482616921
2021-01-01,Francisco-Trinaldo,1864.536482616921
2021-01-01,Francisco-Trinaldo,1864.536482616921
2021-01-01,Francisco-Trinaldo,1864.536482616921
2021-01-01,Francisco-Trinaldo,1864.536482616921
2021-01-01,Francisco-Trinaldo,1864.536482616921
2021-01-01,Francisco-Trinaldo,1864.536482616921
2021-01-01,Francisco-Trinaldo,1864.536482616921
2021-01-01,Francisco-Trinaldo,1864.536482616921
2021-01-01,Francisco-Trinaldo,1864.536482616921
2021-01-01,Francisco-Trinaldo,1864.536482616921
2021-01-01,Francisco-Trinaldo,1864.536482616921
2021-01-01,Francisco-Trinaldo,1864.536482616921
2021-01-01,Francisco-Trinaldo,1864.536482616921
2021-01-01,Francisco-Trinaldo,1864.536482616921
2021-01-01,Francisco-Trinaldo,1864.536482616921
2021-01-01,Francisco-Trinaldo,1864.536482616921
2021-01-01,Francisco-Trinaldo,1864.536482616921
2021-01-01,Francisco-Trinaldo,1864.536482616921
2021-01-01,Vinc-Pichel,1864.439818286039
2021-01-01,Vinc-Pichel,1864.439818286039
2021-01-01,Vinc-Pichel,1864.439818286039
2021-01-01,Vinc-Pichel,1864.439818286039
2021-01-01,Vinc-Pichel,1864.439818286039
2021-01-01,Vinc-Pichel,1864.439818286039
2021-01-01,Vinc-Pichel,1864.439818286039
2021-01-01,Vinc-Pichel,1864.439818286039
2021-01-01,Vinc-Pichel,1864.439818286039
2021-01-01,Vinc-Pichel,1864.439818286039
2021-01-01,Vinc-Pichel,1864.439818286039
2021-01-01,Vinc-Pichel,1864.439818286039
2021-01-01,Vinc-Pichel,1864.439818286039
2021-01-01,Vinc-Pichel,1864.439818286039
2021-01-01,Vinc-Pichel,1864.439818286039
2021-01-01,Vinc-Pichel,1864.439818286039
2021-01-01,Vinc-Pichel,1864.439818286039
2021-01-01,Vinc-Pichel,1864.439818286039
2021-01-01,Vinc-Pichel,1864.439818286039
2021-01-01,Ryan-Hall,1861.0329337821356
2021-01-01,Ryan-Hall,1861.0329337821356
2021-01-01,Ryan-Hall,1861.0329337821356
2021-01-01,Ryan-Hall,1861.0329337821356
2021-01-01,Ryan-Hall,1861.0329337821356
2021-01-01,Ryan-Hall,1861.0329337821356
2021-01-01,Ryan-Hall,1861.0329337821356
2021-01-01,Ryan-Hall,1861.0329337821356
2021-01-01,Ryan-Hall,1861.0329337821356
2021-01-01,Ryan-Hall,1861.0329337821356
2021-01-01,Ryan-Hall,1861.0329337821356
2021-01-01,Ryan-Hall,1861.0329337821356
2021-01-01,Ryan-Hall,1861.0329337821356
2021-01-01,Ryan-Hall,1861.0329337821356
2021-01-01,Ryan-Hall,1861.0329337821356
2021-01-01,Ryan-Hall,1861.0329337821356
2021-01-01,Ryan-Hall,1861.0329337821356
2021-01-01,Ryan-Hall,1861.0329337821356
2021-01-01,Ryan-Hall,1861.0329337821356
2021-01-01,Timur-Valiev,1857.5434051471907
2021-01-01,Timur-Valiev,1857.5434051471907
2021-01-01,Timur-Valiev,1857.5434051471907
2021-01-01,Timur-Valiev,1857.5434051471907
2021-01-01,Timur-Valiev,1857.5434051471907
2021-01-01,Timur-Valiev,1857.5434051471907
2021-01-01,Timur-Valiev,1857.5434051471907
2021-01-01,Timur-Valiev,1857.5434051471907
2021-01-01,Timur-Valiev,1857.5434051471907
2021-01-01,Timur-Valiev,1857.5434051471907
2021-01-01,Timur-Valiev,1857.5434051471907
2021-01-01,Timur-Valiev,1857.5434051471907
2021-01-01,Timur-Valiev,1857.5434051471907
2021-01-01,Timur-Valiev,1857.5434051471907
2021-01-01,Timur-Valiev,1857.5434051471907
2021-01-01,Timur-Valiev,1857.5434051471907
2021-01-01,Timur-Valiev,1857.5434051471907
2021-01-01,Timur-Valiev,1857.5434051471907
2021-01-01,Timur-Valiev,1857.5434051471907
2021-01-01,Jack-Hermansson,1854.9363383001728
2021-01-01,Jack-Hermansson,1854.9363383001728
2021-01-01,Jack-Hermansson,1854.9363383001728
2021-01-01,Jack-Hermansson,1854.9363383001728
2021-01-01,Jack-Hermansson,1854.9363383001728
2021-01-01,Jack-Hermansson,1854.9363383001728
2021-01-01,Jack-Hermansson,1854.9363383001728
2021-01-01,Jack-Hermansson,1854.9363383001728
2021-01-01,Jack-Hermansson,1854.9363383001728
2021-01-01,Jack-Hermansson,1854.9363383001728
2021-01-01,Jack-Hermansson,1854.9363383001728
2021-01-01,Jack-Hermansson,1854.9363383001728
2021-01-01,Jack-Hermansson,1854.9363383001728
2021-01-01,Jack-Hermansson,1854.9363383001728
2021-01-01,Jack-Hermansson,1854.9363383001728
2021-01-01,Jack-Hermansson,1854.9363383001728
2021-01-01,Jack-Hermansson,1854.9363383001728
2021-01-01,Jack-Hermansson,1854.9363383001728
2021-01-01,Jack-Hermansson,1854.9363383001728
2021-01-01,Daniel-Rodriguez,1853.0915031562834
2021-01-01,Daniel-Rodriguez,1853.0915031562834
2021-01-01,Daniel-Rodriguez,1853.0915031562834
2021-01-01,Daniel-Rodriguez,1853.0915031562834
2021-01-01,Daniel-Rodriguez,1853.0915031562834
2021-01-01,Daniel-Rodriguez,1853.0915031562834
2021-01-01,Daniel-Rodriguez,1853.0915031562834
2021-01-01,Daniel-Rodriguez,1853.0915031562834
2021-01-01,Daniel-Rodriguez,1853.0915031562834
2021-01-01,Daniel-Rodriguez,1853.0915031562834
2021-01-01,Daniel-Rodriguez,1853.0915031562834
2021-01-01,Daniel-Rodriguez,1853.0915031562834
2021-01-01,Daniel-Rodriguez,1853.0915031562834
2021-01-01,Daniel-Rodriguez,1853.0915031562834
2021-01-01,Daniel-Rodriguez,1853.0915031562834
2021-01-01,Daniel-Rodriguez,1853.0915031562834
2021-01-01,Daniel-Rodriguez,1853.0915031562834
2021-01-01,Daniel-Rodriguez,1853.0915031562834
2021-01-01,Daniel-Rodriguez,1853.0915031562834
2021-01-01,Francisco-Trinaldo,1851.698317593359
2021-01-01,Francisco-Trinaldo,1851.698317593359
2021-01-01,Francisco-Trinaldo,1851.698317593359
2021-01-01,Francisco-Trinaldo,1851.698317593359
2021-01-01,Francisco-Trinaldo,1851.698317593359
2021-01-01,Francisco-Trinaldo,1851.698317593359
2021-01-01,Francisco-Trinaldo,1851.698317593359
2021-01-01,Francisco-Trinaldo,1851.698317593359
2021-01-01,Francisco-Trinaldo,1851.698317593359
2021-01-01,Francisco-Trinaldo,1851.698317593359
2021-01-01,Francisco-Trinaldo,1851.698317593359
2021-01-01,Francisco-Trinaldo,1851.698317593359
2021-01-01,Francisco-Trinaldo,1851.698317593359
2021-01-01,Francisco-Trinaldo,1851.698317593359
2021-01-01,Francisco-Trinaldo,1851.698317593359
2021-01-01,Francisco-Trinaldo,1851.698317593359
2021-01-01,Francisco-Trinaldo,1851.698317593359
2021-01-01,Francisco-Trinaldo,1851.698317593359
2021-01-01,Francisco-Trinaldo,1851.698317593359
2021-01-01,Pedro-Munhoz,1851.1473194284968
2021-01-01,Pedro-Munhoz,1851.1473194284968
2021-01-01,Pedro-Munhoz,1851.1473194284968
2021-01-01,Pedro-Munhoz,1851.1473194284968
2021-01-01,Pedro-Munhoz,1851.1473194284968
2021-01-01,Pedro-Munhoz,1851.1473194284968
2021-01-01,Pedro-Munhoz,1851.1473194284968
2021-01-01,Pedro-Munhoz,1851.1473194284968
2021-01-01,Pedro-Munhoz,1851.1473194284968
2021-01-01,Pedro-Munhoz,1851.1473194284968
2021-01-01,Pedro-Munhoz,1851.1473194284968
2021-01-01,Pedro-Munhoz,1851.1473194284968
2021-01-01,Pedro-Munhoz,1851.1473194284968
2021-01-01,Pedro-Munhoz,1851.1473194284968
2021-01-01,Pedro-Munhoz,1851.1473194284968
2021-01-01,Pedro-Munhoz,1851.1473194284968
2021-01-01,Pedro-Munhoz,1851.1473194284968
2021-01-01,Pedro-Munhoz,1851.1473194284968
2021-01-01,Pedro-Munhoz,1851.1473194284968
2021-01-01,Thiago-Santos,1847.4046937257367
2021-01-01,Thiago-Santos,1847.4046937257367
2021-01-01,Thiago-Santos,1847.4046937257367
2021-01-01,Thiago-Santos,1847.4046937257367
2021-01-01,Thiago-Santos,1847.4046937257367
2021-01-01,Thiago-Santos,1847.4046937257367
2021-01-01,Thiago-Santos,1847.4046937257367
2021-01-01,Thiago-Santos,1847.4046937257367
2021-01-01,Thiago-Santos,1847.4046937257367
2021-01-01,Thiago-Santos,1847.4046937257367
2021-01-01,Thiago-Santos,1847.4046937257367
2021-01-01,Thiago-Santos,1847.4046937257367
2021-01-01,Thiago-Santos,1847.4046937257367
2021-01-01,Thiago-Santos,1847.4046937257367
2021-01-01,Thiago-Santos,1847.4046937257367
2021-01-01,Thiago-Santos,1847.4046937257367
2021-01-01,Thiago-Santos,1847.4046937257367
2021-01-01,Thiago-Santos,1847.4046937257367
2021-01-01,Thiago-Santos,1847.4046937257367
2021-01-01,Kevin-Lee,1847.310114859846
2021-01-01,Kevin-Lee,1847.310114859846
2021-01-01,Kevin-Lee,1847.310114859846
2021-01-01,Kevin-Lee,1847.310114859846
2021-01-01,Kevin-Lee,1847.310114859846
2021-01-01,Kevin-Lee,1847.310114859846
2021-01-01,Kevin-Lee,1847.310114859846
2021-01-01,Kevin-Lee,1847.310114859846
2021-01-01,Kevin-Lee,1847.310114859846
2021-01-01,Kevin-Lee,1847.310114859846
2021-01-01,Kevin-Lee,1847.310114859846
2021-01-01,Kevin-Lee,1847.310114859846
2021-01-01,Kevin-Lee,1847.310114859846
2021-01-01,Kevin-Lee,1847.310114859846
2021-01-01,Kevin-Lee,1847.310114859846
2021-01-01,Kevin-Lee,1847.310114859846
2021-01-01,Kevin-Lee,1847.310114859846
2021-01-01,Kevin-Lee,1847.310114859846
2021-01-01,Kevin-Lee,1847.310114859846
2021-01-01,Carla-Esparza,1845.2620694188308
2021-01-01,Carla-Esparza,1845.2620694188308
2021-01-01,Carla-Esparza,1845.2620694188308
2021-01-01,Carla-Esparza,1845.2620694188308
2021-01-01,Carla-Esparza,1845.2620694188308
2021-01-01,Carla-Esparza,1845.2620694188308
2021-01-01,Carla-Esparza,1845.2620694188308
2021-01-01,Carla-Esparza,1845.2620694188308
2021-01-01,Carla-Esparza,1845.2620694188308
2021-01-01,Carla-Esparza,1845.2620694188308
2021-01-01,Carla-Esparza,1845.2620694188308
2021-01-01,Carla-Esparza,1845.2620694188308
2021-01-01,Carla-Esparza,1845.2620694188308
2021-01-01,Carla-Esparza,1845.2620694188308
2021-01-01,Carla-Esparza,1845.2620694188308
2021-01-01,Carla-Esparza,1845.2620694188308
2021-01-01,Carla-Esparza,1845.2620694188308
2021-01-01,Carla-Esparza,1845.2620694188308
2021-01-01,Carla-Esparza,1845.2620694188308
2021-01-01,Amanda-Ribas,1844.9464628695837
2021-01-01,Amanda-Ribas,1844.9464628695837
2021-01-01,Amanda-Ribas,1844.9464628695837
2021-01-01,Amanda-Ribas,1844.9464628695837
2021-01-01,Amanda-Ribas,1844.9464628695837
2021-01-01,Amanda-Ribas,1844.9464628695837
2021-01-01,Amanda-Ribas,1844.9464628695837
2021-01-01,Amanda-Ribas,1844.9464628695837
2021-01-01,Amanda-Ribas,1844.9464628695837
2021-01-01,Amanda-Ribas,1844.9464628695837
2021-01-01,Amanda-Ribas,1844.9464628695837
2021-01-01,Amanda-Ribas,1844.9464628695837
2021-01-01,Amanda-Ribas,1844.9464628695837
2021-01-01,Amanda-Ribas,1844.9464628695837
2021-01-01,Amanda-Ribas,1844.9464628695837
2021-01-01,Amanda-Ribas,1844.9464628695837
2021-01-01,Amanda-Ribas,1844.9464628695837
2021-01-01,Amanda-Ribas,1844.9464628695837
2021-01-01,Amanda-Ribas,1844.9464628695837
2021-01-01,Yan-Xiaonan,1843.7742674731485
2021-01-01,Yan-Xiaonan,1843.7742674731485
2021-01-01,Yan-Xiaonan,1843.7742674731485
2021-01-01,Yan-Xiaonan,1843.7742674731485
2021-01-01,Yan-Xiaonan,1843.7742674731485
2021-01-01,Yan-Xiaonan,1843.7742674731485
2021-01-01,Yan-Xiaonan,1843.7742674731485
2021-01-01,Yan-Xiaonan,1843.7742674731485
2021-01-01,Yan-Xiaonan,1843.7742674731485
2021-01-01,Yan-Xiaonan,1843.7742674731485
2021-01-01,Yan-Xiaonan,1843.7742674731485
2021-01-01,Yan-Xiaonan,1843.7742674731485
2021-01-01,Yan-Xiaonan,1843.7742674731485
2021-01-01,Yan-Xiaonan,1843.7742674731485
2021-01-01,Yan-Xiaonan,1843.7742674731485
2021-01-01,Yan-Xiaonan,1843.7742674731485
2021-01-01,Yan-Xiaonan,1843.7742674731485
2021-01-01,Yan-Xiaonan,1843.7742674731485
2021-01-01,Yan-Xiaonan,1843.7742674731485
2021-01-01,Nate-Maness,1843.124655370667
2021-01-01,Nate-Maness,1843.124655370667
2021-01-01,Nate-Maness,1843.124655370667
2021-01-01,Nate-Maness,1843.124655370667
2021-01-01,Nate-Maness,1843.124655370667
2021-01-01,Nate-Maness,1843.124655370667
2021-01-01,Nate-Maness,1843.124655370667
2021-01-01,Nate-Maness,1843.124655370667
2021-01-01,Nate-Maness,1843.124655370667
2021-01-01,Nate-Maness,1843.124655370667
2021-01-01,Nate-Maness,1843.124655370667
2021-01-01,Nate-Maness,1843.124655370667
2021-01-01,Nate-Maness,1843.124655370667
2021-01-01,Nate-Maness,1843.124655370667
2021-01-01,Nate-Maness,1843.124655370667
2021-01-01,Nate-Maness,1843.124655370667
2021-01-01,Nate-Maness,1843.124655370667
2021-01-01,Nate-Maness,1843.124655370667
2021-01-01,Nate-Maness,1843.124655370667
2021-01-01,Renato-Moicano,1841.4298543599857
2021-01-01,Renato-Moicano,1841.4298543599857
2021-01-01,Renato-Moicano,1841.4298543599857
2021-01-01,Renato-Moicano,1841.4298543599857
2021-01-01,Renato-Moicano,1841.4298543599857
2021-01-01,Renato-Moicano,1841.4298543599857
2021-01-01,Renato-Moicano,1841.4298543599857
2021-01-01,Renato-Moicano,1841.4298543599857
2021-01-01,Renato-Moicano,1841.4298543599857
2021-01-01,Renato-Moicano,1841.4298543599857
2021-01-01,Renato-Moicano,1841.4298543599857
2021-01-01,Renato-Moicano,1841.4298543599857
2021-01-01,Renato-Moicano,1841.4298543599857
2021-01-01,Renato-Moicano,1841.4298543599857
2021-01-01,Renato-Moicano,1841.4298543599857
2021-01-01,Renato-Moicano,1841.4298543599857
2021-01-01,Renato-Moicano,1841.4298543599857
2021-01-01,Renato-Moicano,1841.4298543599857
2021-01-01,Renato-Moicano,1841.4298543599857
2021-01-01,Marvin-Vettori,1838.1363961025836
2021-01-01,Marvin-Vettori,1838.1363961025836
2021-01-01,Marvin-Vettori,1838.1363961025836
2021-01-01,Marvin-Vettori,1838.1363961025836
2021-01-01,Marvin-Vettori,1838.1363961025836
2021-01-01,Marvin-Vettori,1838.1363961025836
2021-01-01,Marvin-Vettori,1838.1363961025836
2021-01-01,Marvin-Vettori,1838.1363961025836
2021-01-01,Marvin-Vettori,1838.1363961025836
2021-01-01,Marvin-Vettori,1838.1363961025836
2021-01-01,Marvin-Vettori,1838.1363961025836
2021-01-01,Marvin-Vettori,1838.1363961025836
2021-01-01,Marvin-Vettori,1838.1363961025836
2021-01-01,Marvin-Vettori,1838.1363961025836
2021-01-01,Marvin-Vettori,1838.1363961025836
2021-01-01,Marvin-Vettori,1838.1363961025836
2021-01-01,Marvin-Vettori,1838.1363961025836
2021-01-01,Marvin-Vettori,1838.1363961025836
2021-01-01,Marvin-Vettori,1838.1363961025836
2021-01-01,Dan-Hooker,1835.226768302387
2021-01-01,Dan-Hooker,1835.226768302387
2021-01-01,Dan-Hooker,1835.226768302387
2021-01-01,Dan-Hooker,1835.226768302387
2021-01-01,Dan-Hooker,1835.226768302387
2021-01-01,Dan-Hooker,1835.226768302387
2021-01-01,Dan-Hooker,1835.226768302387
2021-01-01,Dan-Hooker,1835.226768302387
2021-01-01,Dan-Hooker,1835.226768302387
2021-01-01,Dan-Hooker,1835.226768302387
2021-01-01,Dan-Hooker,1835.226768302387
2021-01-01,Dan-Hooker,1835.226768302387
2021-01-01,Dan-Hooker,1835.226768302387
2021-01-01,Dan-Hooker,1835.226768302387
2021-01-01,Dan-Hooker,1835.226768302387
2021-01-01,Dan-Hooker,1835.226768302387
2021-01-01,Dan-Hooker,1835.226768302387
2021-01-01,Dan-Hooker,1835.226768302387
2021-01-01,Dan-Hooker,1835.226768302387
2021-01-01,Sean-O'Malley,1833.188858174933
2021-01-01,Sean-O'Malley,1833.188858174933
2021-01-01,Sean-O'Malley,1833.188858174933
2021-01-01,Sean-O'Malley,1833.188858174933
2021-01-01,Sean-O'Malley,1833.188858174933
2021-01-01,Sean-O'Malley,1833.188858174933
2021-01-01,Sean-O'Malley,1833.188858174933
2021-01-01,Sean-O'Malley,1833.188858174933
2021-01-01,Sean-O'Malley,1833.188858174933
2021-01-01,Sean-O'Malley,1833.188858174933
2021-01-01,Sean-O'Malley,1833.188858174933
2021-01-01,Sean-O'Malley,1833.188858174933
2021-01-01,Sean-O'Malley,1833.188858174933
2021-01-01,Sean-O'Malley,1833.188858174933
2021-01-01,Sean-O'Malley,1833.188858174933
2021-01-01,Sean-O'Malley,1833.188858174933
2021-01-01,Sean-O'Malley,1833.188858174933
2021-01-01,Sean-O'Malley,1833.188858174933
2021-01-01,Sean-O'Malley,1833.188858174933
2021-01-01,Jessica-Andrade,1832.1499688179217
2021-01-01,Jessica-Andrade,1832.1499688179217
2021-01-01,Jessica-Andrade,1832.1499688179217
2021-01-01,Jessica-Andrade,1832.1499688179217
2021-01-01,Jessica-Andrade,1832.1499688179217
2021-01-01,Jessica-Andrade,1832.1499688179217
2021-01-01,Jessica-Andrade,1832.1499688179217
2021-01-01,Jessica-Andrade,1832.1499688179217
2021-01-01,Jessica-Andrade,1832.1499688179217
2021-01-01,Jessica-Andrade,1832.1499688179217
2021-01-01,Jessica-Andrade,1832.1499688179217
2021-01-01,Jessica-Andrade,1832.1499688179217
2021-01-01,Jessica-Andrade,1832.1499688179217
2021-01-01,Jessica-Andrade,1832.1499688179217
2021-01-01,Jessica-Andrade,1832.1499688179217
2021-01-01,Jessica-Andrade,1832.1499688179217
2021-01-01,Jessica-Andrade,1832.1499688179217
2021-01-01,Jessica-Andrade,1832.1499688179217
2021-01-01,Jessica-Andrade,1832.1499688179217
2021-01-01,Manon-Fiorot,1831.5070641406576
2021-01-01,Manon-Fiorot,1831.5070641406576
2021-01-01,Manon-Fiorot,1831.5070641406576
2021-01-01,Manon-Fiorot,1831.5070641406576
2021-01-01,Manon-Fiorot,1831.5070641406576
2021-01-01,Manon-Fiorot,1831.5070641406576
2021-01-01,Manon-Fiorot,1831.5070641406576
2021-01-01,Manon-Fiorot,1831.5070641406576
2021-01-01,Manon-Fiorot,1831.5070641406576
2021-01-01,Manon-Fiorot,1831.5070641406576
2021-01-01,Manon-Fiorot,1831.5070641406576
2021-01-01,Manon-Fiorot,1831.5070641406576
2021-01-01,Manon-Fiorot,1831.5070641406576
2021-01-01,Manon-Fiorot,1831.5070641406576
2021-01-01,Manon-Fiorot,1831.5070641406576
2021-01-01,Manon-Fiorot,1831.5070641406576
2021-01-01,Manon-Fiorot,1831.5070641406576
2021-01-01,Manon-Fiorot,1831.5070641406576
2021-01-01,Manon-Fiorot,1831.5070641406576
2021-01-01,Brad-Tavares,1831.0457834065942
2021-01-01,Brad-Tavares,1831.0457834065942
2021-01-01,Brad-Tavares,1831.0457834065942
2021-01-01,Brad-Tavares,1831.0457834065942
2021-01-01,Brad-Tavares,1831.0457834065942
2021-01-01,Brad-Tavares,1831.0457834065942
2021-01-01,Brad-Tavares,1831.0457834065942
2021-01-01,Brad-Tavares,1831.0457834065942
2021-01-01,Brad-Tavares,1831.0457834065942
2021-01-01,Brad-Tavares,1831.0457834065942
2021-01-01,Brad-Tavares,1831.0457834065942
2021-01-01,Brad-Tavares,1831.0457834065942
2021-01-01,Brad-Tavares,1831.0457834065942
2021-01-01,Brad-Tavares,1831.0457834065942
2021-01-01,Brad-Tavares,1831.0457834065942
2021-01-01,Brad-Tavares,1831.0457834065942
2021-01-01,Brad-Tavares,1831.0457834065942
2021-01-01,Brad-Tavares,1831.0457834065942
2021-01-01,Brad-Tavares,1831.0457834065942
2021-01-01,Volkan-Oezdemir,1827.869921897677
2021-01-01,Volkan-Oezdemir,1827.869921897677
2021-01-01,Volkan-Oezdemir,1827.869921897677
2021-01-01,Volkan-Oezdemir,1827.869921897677
2021-01-01,Volkan-Oezdemir,1827.869921897677
2021-01-01,Volkan-Oezdemir,1827.869921897677
2021-01-01,Volkan-Oezdemir,1827.869921897677
2021-01-01,Volkan-Oezdemir,1827.869921897677
2021-01-01,Volkan-Oezdemir,1827.869921897677
2021-01-01,Volkan-Oezdemir,1827.869921897677
2021-01-01,Volkan-Oezdemir,1827.869921897677
2021-01-01,Volkan-Oezdemir,1827.869921897677
2021-01-01,Volkan-Oezdemir,1827.869921897677
2021-01-01,Volkan-Oezdemir,1827.869921897677
2021-01-01,Volkan-Oezdemir,1827.869921897677
2021-01-01,Volkan-Oezdemir,1827.869921897677
2021-01-01,Volkan-Oezdemir,1827.869921897677
2021-01-01,Volkan-Oezdemir,1827.869921897677
2021-01-01,Volkan-Oezdemir,1827.869921897677
2021-01-01,Casey-Kenney,1827.4021157983432
2021-01-01,Casey-Kenney,1827.4021157983432
2021-01-01,Casey-Kenney,1827.4021157983432
2021-01-01,Casey-Kenney,1827.4021157983432
2021-01-01,Casey-Kenney,1827.4021157983432
2021-01-01,Casey-Kenney,1827.4021157983432
2021-01-01,Casey-Kenney,1827.4021157983432
2021-01-01,Casey-Kenney,1827.4021157983432
2021-01-01,Casey-Kenney,1827.4021157983432
2021-01-01,Casey-Kenney,1827.4021157983432
2021-01-01,Casey-Kenney,1827.4021157983432
2021-01-01,Casey-Kenney,1827.4021157983432
2021-01-01,Casey-Kenney,1827.4021157983432
2021-01-01,Casey-Kenney,1827.4021157983432
2021-01-01,Casey-Kenney,1827.4021157983432
2021-01-01,Casey-Kenney,1827.4021157983432
2021-01-01,Casey-Kenney,1827.4021157983432
2021-01-01,Casey-Kenney,1827.4021157983432
2021-01-01,Casey-Kenney,1827.4021157983432
2021-01-01,Jared-Cannonier,1827.2906980083353
2021-01-01,Jared-Cannonier,1827.2906980083353
2021-01-01,Jared-Cannonier,1827.2906980083353
2021-01-01,Jared-Cannonier,1827.2906980083353
2021-01-01,Jared-Cannonier,1827.2906980083353
2021-01-01,Jared-Cannonier,1827.2906980083353
2021-01-01,Jared-Cannonier,1827.2906980083353
2021-01-01,Jared-Cannonier,1827.2906980083353
2021-01-01,Jared-Cannonier,1827.2906980083353
2021-01-01,Jared-Cannonier,1827.2906980083353
2021-01-01,Jared-Cannonier,1827.2906980083353
2021-01-01,Jared-Cannonier,1827.2906980083353
2021-01-01,Jared-Cannonier,1827.2906980083353
2021-01-01,Jared-Cannonier,1827.2906980083353
2021-01-01,Jared-Cannonier,1827.2906980083353
2021-01-01,Jared-Cannonier,1827.2906980083353
2021-01-01,Jared-Cannonier,1827.2906980083353
2021-01-01,Jared-Cannonier,1827.2906980083353
2021-01-01,Jared-Cannonier,1827.2906980083353
2021-01-01,Jack-Shore,1826.30770719062
2021-01-01,Jack-Shore,1826.30770719062
2021-01-01,Jack-Shore,1826.30770719062
2021-01-01,Jack-Shore,1826.30770719062
2021-01-01,Jack-Shore,1826.30770719062
2021-01-01,Jack-Shore,1826.30770719062
2021-01-01,Jack-Shore,1826.30770719062
2021-01-01,Jack-Shore,1826.30770719062
2021-01-01,Jack-Shore,1826.30770719062
2021-01-01,Jack-Shore,1826.30770719062
2021-01-01,Jack-Shore,1826.30770719062
2021-01-01,Jack-Shore,1826.30770719062
2021-01-01,Jack-Shore,1826.30770719062
2021-01-01,Jack-Shore,1826.30770719062
2021-01-01,Jack-Shore,1826.30770719062
2021-01-01,Jack-Shore,1826.30770719062
2021-01-01,Jack-Shore,1826.30770719062
2021-01-01,Jack-Shore,1826.30770719062
2021-01-01,Jack-Shore,1826.30770719062
2021-01-01,Alexandre-Pantoja,1825.2214394616408
2021-01-01,Alexandre-Pantoja,1825.2214394616408
2021-01-01,Alexandre-Pantoja,1825.2214394616408
2021-01-01,Alexandre-Pantoja,1825.2214394616408
2021-01-01,Alexandre-Pantoja,1825.2214394616408
2021-01-01,Alexandre-Pantoja,1825.2214394616408
2021-01-01,Alexandre-Pantoja,1825.2214394616408
2021-01-01,Alexandre-Pantoja,1825.2214394616408
2021-01-01,Alexandre-Pantoja,1825.2214394616408
2021-01-01,Alexandre-Pantoja,1825.2214394616408
2021-01-01,Alexandre-Pantoja,1825.2214394616408
2021-01-01,Alexandre-Pantoja,1825.2214394616408
2021-01-01,Alexandre-Pantoja,1825.2214394616408
2021-01-01,Alexandre-Pantoja,1825.2214394616408
2021-01-01,Alexandre-Pantoja,1825.2214394616408
2021-01-01,Alexandre-Pantoja,1825.2214394616408
2021-01-01,Alexandre-Pantoja,1825.2214394616408
2021-01-01,Alexandre-Pantoja,1825.2214394616408
2021-01-01,Alexandre-Pantoja,1825.2214394616408
2021-01-01,Dan-Hooker,1822.646544833016
2021-01-01,Dan-Hooker,1822.646544833016
2021-01-01,Dan-Hooker,1822.646544833016
2021-01-01,Dan-Hooker,1822.646544833016
2021-01-01,Dan-Hooker,1822.646544833016
2021-01-01,Dan-Hooker,1822.646544833016
2021-01-01,Dan-Hooker,1822.646544833016
2021-01-01,Dan-Hooker,1822.646544833016
2021-01-01,Dan-Hooker,1822.646544833016
2021-01-01,Dan-Hooker,1822.646544833016
2021-01-01,Dan-Hooker,1822.646544833016
2021-01-01,Dan-Hooker,1822.646544833016
2021-01-01,Dan-Hooker,1822.646544833016
2021-01-01,Dan-Hooker,1822.646544833016
2021-01-01,Dan-Hooker,1822.646544833016
2021-01-01,Dan-Hooker,1822.646544833016
2021-01-01,Dan-Hooker,1822.646544833016
2021-01-01,Dan-Hooker,1822.646544833016
2021-01-01,Dan-Hooker,1822.646544833016
2021-01-01,Thiago-Moises,1817.8336855801824
2021-01-01,Thiago-Moises,1817.8336855801824
2021-01-01,Thiago-Moises,1817.8336855801824
2021-01-01,Thiago-Moises,1817.8336855801824
2021-01-01,Thiago-Moises,1817.8336855801824
2021-01-01,Thiago-Moises,1817.8336855801824
2021-01-01,Thiago-Moises,1817.8336855801824
2021-01-01,Thiago-Moises,1817.8336855801824
2021-01-01,Thiago-Moises,1817.8336855801824
2021-01-01,Thiago-Moises,1817.8336855801824
2021-01-01,Thiago-Moises,1817.8336855801824
2021-01-01,Thiago-Moises,1817.8336855801824
2021-01-01,Thiago-Moises,1817.8336855801824
2021-01-01,Thiago-Moises,1817.8336855801824
2021-01-01,Thiago-Moises,1817.8336855801824
2021-01-01,Thiago-Moises,1817.8336855801824
2021-01-01,Thiago-Moises,1817.8336855801824
2021-01-01,Thiago-Moises,1817.8336855801824
2021-01-01,Thiago-Moises,1817.8336855801824
2021-01-01,Alexander-Hernandez,1816.88820242413
2021-01-01,Alexander-Hernandez,1816.88820242413
2021-01-01,Alexander-Hernandez,1816.88820242413
2021-01-01,Alexander-Hernandez,1816.88820242413
2021-01-01,Alexander-Hernandez,1816.88820242413
2021-01-01,Alexander-Hernandez,1816.88820242413
2021-01-01,Alexander-Hernandez,1816.88820242413
2021-01-01,Alexander-Hernandez,1816.88820242413
2021-01-01,Alexander-Hernandez,1816.88820242413
2021-01-01,Alexander-Hernandez,1816.88820242413
2021-01-01,Alexander-Hernandez,1816.88820242413
2021-01-01,Alexander-Hernandez,1816.88820242413
2021-01-01,Alexander-Hernandez,1816.88820242413
2021-01-01,Alexander-Hernandez,1816.88820242413
2021-01-01,Alexander-Hernandez,1816.88820242413
2021-01-01,Alexander-Hernandez,1816.88820242413
2021-01-01,Alexander-Hernandez,1816.88820242413
2021-01-01,Alexander-Hernandez,1816.88820242413
2021-01-01,Alexander-Hernandez,1816.88820242413
2021-01-01,David-Dvorak,1816.7103483701787
2021-01-01,David-Dvorak,1816.7103483701787
2021-01-01,David-Dvorak,1816.7103483701787
2021-01-01,David-Dvorak,1816.7103483701787
2021-01-01,David-Dvorak,1816.7103483701787
2021-01-01,David-Dvorak,1816.7103483701787
2021-01-01,David-Dvorak,1816.7103483701787
2021-01-01,David-Dvorak,1816.7103483701787
2021-01-01,David-Dvorak,1816.7103483701787
2021-01-01,David-Dvorak,1816.7103483701787
2021-01-01,David-Dvorak,1816.7103483701787
2021-01-01,David-Dvorak,1816.7103483701787
2021-01-01,David-Dvorak,1816.7103483701787
2021-01-01,David-Dvorak,1816.7103483701787
2021-01-01,David-Dvorak,1816.7103483701787
2021-01-01,David-Dvorak,1816.7103483701787
2021-01-01,David-Dvorak,1816.7103483701787
2021-01-01,David-Dvorak,1816.7103483701787
2021-01-01,David-Dvorak,1816.7103483701787
2021-01-01,Ryan-Spann,1813.5271165564548
2021-01-01,Ryan-Spann,1813.5271165564548
2021-01-01,Ryan-Spann,1813.5271165564548
2021-01-01,Ryan-Spann,1813.5271165564548
2021-01-01,Ryan-Spann,1813.5271165564548
2021-01-01,Ryan-Spann,1813.5271165564548
2021-01-01,Ryan-Spann,1813.5271165564548
2021-01-01,Ryan-Spann,1813.5271165564548
2021-01-01,Ryan-Spann,1813.5271165564548
2021-01-01,Ryan-Spann,1813.5271165564548
2021-01-01,Ryan-Spann,1813.5271165564548
2021-01-01,Ryan-Spann,1813.5271165564548
2021-01-01,Ryan-Spann,1813.5271165564548
2021-01-01,Ryan-Spann,1813.5271165564548
2021-01-01,Ryan-Spann,1813.5271165564548
2021-01-01,Ryan-Spann,1813.5271165564548
2021-01-01,Ryan-Spann,1813.5271165564548
2021-01-01,Ryan-Spann,1813.5271165564548
2021-01-01,Ryan-Spann,1813.5271165564548
2021-01-01,Adrian-Yanez,1813.0373425663163
2021-01-01,Adrian-Yanez,1813.0373425663163
2021-01-01,Adrian-Yanez,1813.0373425663163
2021-01-01,Adrian-Yanez,1813.0373425663163
2021-01-01,Adrian-Yanez,1813.0373425663163
2021-01-01,Adrian-Yanez,1813.0373425663163
2021-01-01,Adrian-Yanez,1813.0373425663163
2021-01-01,Adrian-Yanez,1813.0373425663163
2021-01-01,Adrian-Yanez,1813.0373425663163
2021-01-01,Adrian-Yanez,1813.0373425663163
2021-01-01,Adrian-Yanez,1813.0373425663163
2021-01-01,Adrian-Yanez,1813.0373425663163
2021-01-01,Adrian-Yanez,1813.0373425663163
2021-01-01,Adrian-Yanez,1813.0373425663163
2021-01-01,Adrian-Yanez,1813.0373425663163
2021-01-01,Adrian-Yanez,1813.0373425663163
2021-01-01,Adrian-Yanez,1813.0373425663163
2021-01-01,Adrian-Yanez,1813.0373425663163
2021-01-01,Adrian-Yanez,1813.0373425663163
2021-01-01,Khaos-Williams,1809.8235794788761
2021-01-01,Khaos-Williams,1809.8235794788761
2021-01-01,Khaos-Williams,1809.8235794788761
2021-01-01,Khaos-Williams,1809.8235794788761
2021-01-01,Khaos-Williams,1809.8235794788761
2021-01-01,Khaos-Williams,1809.8235794788761
2021-01-01,Khaos-Williams,1809.8235794788761
2021-01-01,Khaos-Williams,1809.8235794788761
2021-01-01,Khaos-Williams,1809.8235794788761
2021-01-01,Khaos-Williams,1809.8235794788761
2021-01-01,Khaos-Williams,1809.8235794788761
2021-01-01,Khaos-Williams,1809.8235794788761
2021-01-01,Khaos-Williams,1809.8235794788761
2021-01-01,Khaos-Williams,1809.8235794788761
2021-01-01,Khaos-Williams,1809.8235794788761
2021-01-01,Khaos-Williams,1809.8235794788761
2021-01-01,Khaos-Williams,1809.8235794788761
2021-01-01,Khaos-Williams,1809.8235794788761
2021-01-01,Khaos-Williams,1809.8235794788761
2021-01-01,Michel-Prazeres,1809.1875452197355
2021-01-01,Michel-Prazeres,1809.1875452197355
2021-01-01,Michel-Prazeres,1809.1875452197355
2021-01-01,Michel-Prazeres,1809.1875452197355
2021-01-01,Michel-Prazeres,1809.1875452197355
2021-01-01,Michel-Prazeres,1809.1875452197355
2021-01-01,Michel-Prazeres,1809.1875452197355
2021-01-01,Michel-Prazeres,1809.1875452197355
2021-01-01,Michel-Prazeres,1809.1875452197355
2021-01-01,Michel-Prazeres,1809.1875452197355
2021-01-01,Michel-Prazeres,1809.1875452197355
2021-01-01,Michel-Prazeres,1809.1875452197355
2021-01-01,Michel-Prazeres,1809.1875452197355
2021-01-01,Michel-Prazeres,1809.1875452197355
2021-01-01,Michel-Prazeres,1809.1875452197355
2021-01-01,Michel-Prazeres,1809.1875452197355
2021-01-01,Michel-Prazeres,1809.1875452197355
2021-01-01,Michel-Prazeres,1809.1875452197355
2021-01-01,Michel-Prazeres,1809.1875452197355
2021-01-01,Chris-Gutierrez,1808.1352123268089
2021-01-01,Chris-Gutierrez,1808.1352123268089
2021-01-01,Chris-Gutierrez,1808.1352123268089
2021-01-01,Chris-Gutierrez,1808.1352123268089
2021-01-01,Chris-Gutierrez,1808.1352123268089
2021-01-01,Chris-Gutierrez,1808.1352123268089
2021-01-01,Chris-Gutierrez,1808.1352123268089
2021-01-01,Chris-Gutierrez,1808.1352123268089
2021-01-01,Chris-Gutierrez,1808.1352123268089
2021-01-01,Chris-Gutierrez,1808.1352123268089
2021-01-01,Chris-Gutierrez,1808.1352123268089
2021-01-01,Chris-Gutierrez,1808.1352123268089
2021-01-01,Chris-Gutierrez,1808.1352123268089
2021-01-01,Chris-Gutierrez,1808.1352123268089
2021-01-01,Chris-Gutierrez,1808.1352123268089
2021-01-01,Chris-Gutierrez,1808.1352123268089
2021-01-01,Chris-Gutierrez,1808.1352123268089
2021-01-01,Chris-Gutierrez,1808.1352123268089
2021-01-01,Chris-Gutierrez,1808.1352123268089
2021-01-01,Omari-Akhmedov,1807.3508675629616
2021-01-01,Omari-Akhmedov,1807.3508675629616
2021-01-01,Omari-Akhmedov,1807.3508675629616
2021-01-01,Omari-Akhmedov,1807.3508675629616
2021-01-01,Omari-Akhmedov,1807.3508675629616
2021-01-01,Omari-Akhmedov,1807.3508675629616
2021-01-01,Omari-Akhmedov,1807.3508675629616
2021-01-01,Omari-Akhmedov,1807.3508675629616
2021-01-01,Omari-Akhmedov,1807.3508675629616
2021-01-01,Omari-Akhmedov,1807.3508675629616
2021-01-01,Omari-Akhmedov,1807.3508675629616
2021-01-01,Omari-Akhmedov,1807.3508675629616
2021-01-01,Omari-Akhmedov,1807.3508675629616
2021-01-01,Omari-Akhmedov,1807.3508675629616
2021-01-01,Omari-Akhmedov,1807.3508675629616
2021-01-01,Omari-Akhmedov,1807.3508675629616
2021-01-01,Omari-Akhmedov,1807.3508675629616
2021-01-01,Omari-Akhmedov,1807.3508675629616
2021-01-01,Omari-Akhmedov,1807.3508675629616
2021-01-01,Raoni-Barcelos,1805.9075159280492
2021-01-01,Raoni-Barcelos,1805.9075159280492
2021-01-01,Raoni-Barcelos,1805.9075159280492
2021-01-01,Raoni-Barcelos,1805.9075159280492
2021-01-01,Raoni-Barcelos,1805.9075159280492
2021-01-01,Raoni-Barcelos,1805.9075159280492
2021-01-01,Raoni-Barcelos,1805.9075159280492
2021-01-01,Raoni-Barcelos,1805.9075159280492
2021-01-01,Raoni-Barcelos,1805.9075159280492
2021-01-01,Raoni-Barcelos,1805.9075159280492
2021-01-01,Raoni-Barcelos,1805.9075159280492
2021-01-01,Raoni-Barcelos,1805.9075159280492
2021-01-01,Raoni-Barcelos,1805.9075159280492
2021-01-01,Raoni-Barcelos,1805.9075159280492
2021-01-01,Raoni-Barcelos,1805.9075159280492
2021-01-01,Raoni-Barcelos,1805.9075159280492
2021-01-01,Raoni-Barcelos,1805.9075159280492
2021-01-01,Raoni-Barcelos,1805.9075159280492
2021-01-01,Raoni-Barcelos,1805.9075159280492
2021-01-01,Darren-Elkins,1805.774983725608
2021-01-01,Darren-Elkins,1805.774983725608
2021-01-01,Darren-Elkins,1805.774983725608
2021-01-01,Darren-Elkins,1805.774983725608
2021-01-01,Darren-Elkins,1805.774983725608
2021-01-01,Darren-Elkins,1805.774983725608
2021-01-01,Darren-Elkins,1805.774983725608
2021-01-01,Darren-Elkins,1805.774983725608
2021-01-01,Darren-Elkins,1805.774983725608
2021-01-01,Darren-Elkins,1805.774983725608
2021-01-01,Darren-Elkins,1805.774983725608
2021-01-01,Darren-Elkins,1805.774983725608
2021-01-01,Darren-Elkins,1805.774983725608
2021-01-01,Darren-Elkins,1805.774983725608
2021-01-01,Darren-Elkins,1805.774983725608
2021-01-01,Darren-Elkins,1805.774983725608
2021-01-01,Darren-Elkins,1805.774983725608
2021-01-01,Darren-Elkins,1805.774983725608
2021-01-01,Darren-Elkins,1805.774983725608
2021-01-01,Randy-Brown,1804.8433251657411
2021-01-01,Randy-Brown,1804.8433251657411
2021-01-01,Randy-Brown,1804.8433251657411
2021-01-01,Randy-Brown,1804.8433251657411
2021-01-01,Randy-Brown,1804.8433251657411
2021-01-01,Randy-Brown,1804.8433251657411
2021-01-01,Randy-Brown,1804.8433251657411
2021-01-01,Randy-Brown,1804.8433251657411
2021-01-01,Randy-Brown,1804.8433251657411
2021-01-01,Randy-Brown,1804.8433251657411
2021-01-01,Randy-Brown,1804.8433251657411
2021-01-01,Randy-Brown,1804.8433251657411
2021-01-01,Randy-Brown,1804.8433251657411
2021-01-01,Randy-Brown,1804.8433251657411
2021-01-01,Randy-Brown,1804.8433251657411
2021-01-01,Randy-Brown,1804.8433251657411
2021-01-01,Randy-Brown,1804.8433251657411
2021-01-01,Randy-Brown,1804.8433251657411
2021-01-01,Randy-Brown,1804.8433251657411
